run,tag,regime_id,cycle,force_p99_cold,force_p99_hot,force_p99_hot_minus_cold,force_share_top5_edges_cold,force_share_top5_edges_hot,force_share_top5_edges_hot_minus_cold,giant_fraction_after_top5_edges_cold,giant_fraction_after_top5_edges_hot,giant_fraction_after_top5_edges_hot_minus_cold,force_h1_birth_fraction_cold,force_h1_birth_fraction_hot,force_h1_birth_fraction_hot_minus_cold,force_h1_birth_force_share_cold,force_h1_birth_force_share_hot,force_h1_birth_force_share_hot_minus_cold,bottom_side_percolation_edge_fraction_cold,bottom_side_percolation_edge_fraction_hot,bottom_side_percolation_edge_fraction_hot_minus_cold
R1_low_expansion_low_friction,a050_mu010_g002,R1,1,0.0015791092079688307,0.002083878743381711,0.0005047695354128804,0.1720521500856151,0.27565545384845813,0.10360330376284302,0.0030160857908847183,0.001038637307852098,-0.0019774484830326206,0.6612051374384827,0.5014496755488057,-0.15975546188967704,0.5772652476345654,0.48649898693923865,-0.09076626069532678,0.012543512183411355,0.5359657600441806,0.5234222478607693
R1_low_expansion_low_friction,a050_mu010_g002,R1,2,0.0013034922195961957,0.0005987943552559183,-0.0007046978643402774,0.15512083356741602,0.27035821658268444,0.11523738301526842,0.0037133819282079493,0.005293054479731474,0.001579672551523525,0.7261089840275361,0.6691746159702628,-0.056934368057273255,0.6383273569603629,0.5576412706859248,-0.08068608627443807,0.002513826043237808,0.0048367593712212815,0.0023229333279834734
R1_low_expansion_low_friction,a050_mu010_g002,R1,3,0.0011091597374610818,0.0004584682161800968,-0.000650691521280985,0.15244806929840118,0.2925271500782715,0.14007908077987033,0.002782501159375483,0.015337423312883436,0.012554922153507952,0.7144235186035829,0.6687380709308003,-0.0456854476727826,0.6270775069334835,0.5635984112266039,-0.0634790957068796,0.002480477721635278,0.0018642638377202717,-0.0006162138839150063
R1_low_expansion_low_friction,a050_mu010_g002,R1,4,0.0010963498276984577,0.00033773622732132246,-0.0007586136003771352,0.1499820214942882,0.28095083523349873,0.13096881373921054,0.0024957104975822804,0.02429042904290429,0.02179471854532201,0.7211499708924813,0.6586353030808056,-0.0625146678116757,0.6328304677853313,0.5641682540628358,-0.06866221372249548,0.0005821503739196633,0.004333126993952669,0.0037509766200330055
R1_low_expansion_low_friction,a050_mu010_g002,R1,5,0.001032253437806647,0.0004160816419203052,-0.0006161717958863417,0.14930427431915777,0.28931824475457885,0.14001397043542108,0.003781909864481563,0.04588587027167555,0.04210396040719399,0.7187371122210512,0.6710007173601148,-0.04773639486093639,0.6300397481750608,0.5790476544170935,-0.050992093757967316,0.0017412821335288458,0.0009863701578192252,-0.0007549119757096206
R1_low_expansion_low_friction,a050_mu010_g002,R1,6,0.0010571411676117493,0.0003668728812552055,-0.0006902682863565438,0.15105537195064814,0.28514804811264166,0.13409267616199352,0.002475630512146062,0.03789698425406992,0.03542135374192386,0.7212583751164752,0.6625113870642949,-0.05874698805218026,0.6316087001253426,0.5738197637902611,-0.05778893633508153,0.00013311443404179793,0.001342474948458551,0.0012093605144167532
R1_low_expansion_low_friction,a050_mu010_g002,R1,7,0.0010186555114300036,0.000334438309071454,-0.0006842172023585496,0.14853003717004404,0.28614730775513075,0.13761727058508672,0.0022158911047799935,0.028328235137651283,0.026112344032871288,0.7233850187604539,0.6546660117878192,-0.06871900697263467,0.634215708471902,0.5662912672514553,-0.06792444122044672,0.0010849419104018805,0.0022102161100196463,0.0011252741996177658
R1_low_expansion_low_friction,a050_mu010_g002,R1,8,0.001072109101792643,0.00036576784718048155,-0.0007063412546121615,0.153913747922985,0.28890607701029386,0.13499232908730885,0.002508623392913139,0.03660165642532728,0.034093033032414136,0.7233482142857143,0.6572028928850665,-0.06614532140064777,0.6327066045862979,0.5746267497163013,-0.05807985486999656,0.00375,0.0017591868647380765,-0.0019908131352619233
R1_low_expansion_low_friction,a050_mu010_g002,R1,9,0.0010428493420751926,0.0004050576491163547,-0.0006377916929588378,0.150731821289245,0.2886549550965778,0.1379231338073328,0.0020478890989287964,0.037971357246091186,0.03592346814716239,0.7216979002032061,0.6618588983251886,-0.059839001878017495,0.6315107237782389,0.5799838594415937,-0.05152686433664522,0.002483630616391962,0.0007116762347582674,-0.0017719543816336945
R1_low_expansion_low_friction,a050_mu010_g002,R1,10,0.0009631427839378353,0.0004056888034690874,-0.0005574539804687479,0.14806476569796773,0.29672828129821677,0.14866351560024904,0.0024170157911698356,0.048224348053990305,0.04580733226282047,0.7212585347850157,0.6655975456700599,-0.05566098911495576,0.6306273598162998,0.5837682810431576,-0.046859078773142215,0.0025373685181767852,0.000418351694324362,-0.0021190168238524234
R1_low_expansion_low_friction,a050_mu010_g002,R1,11,0.0010214015982495533,0.00043567597951261274,-0.0005857256187369406,0.15090112342080142,0.28948973321376037,0.13858860979295895,0.003016830739917434,0.05030287068738478,0.04728603994746735,0.7232219754317574,0.6701344135518321,-0.05308756187992525,0.633891624435229,0.5883774637699055,-0.04551416066532343,0.0002266443044286297,0.0001380961148959676,-8.854818953266211e-05
R1_low_expansion_low_friction,a050_mu010_g002,R1,12,0.0010422983577861083,0.00045637354493214215,-0.0005859248128539662,0.15167900759480726,0.29487352980753084,0.14319452221272358,0.0022078536508437154,0.05261793675479523,0.050410083103951515,0.7222397689843433,0.6742502123094801,-0.047989556674863154,0.6310982625796844,0.587749000844794,-0.0433492617348904,0.000496322699995488,0.0001340901980065257,-0.0003622325019889623
R1_low_expansion_low_friction,a050_mu010_g002,R1,13,0.0010135154951390701,0.0004990887750218893,-0.0005144267201171808,0.1516307036433429,0.30820994340721625,0.15657923976387333,0.003354632587859425,0.04809308338720104,0.04473845079934161,0.718988748437283,0.6721223263530783,-0.04686642208420466,0.6277918557271203,0.5856357217708598,-0.0421561339562605,0.0031485854516831043,0.0032733958118470025,0.0001248103601638982
R1_low_expansion_low_friction,a050_mu010_g002,R1,14,0.0010089406015131887,0.0005187157758242994,-0.0004902248256888893,0.15091388182332957,0.32273296053264666,0.1718190787093171,0.0019096117122851686,0.050943645242180285,0.04903403352989512,0.7196710708675967,0.6662307333021953,-0.05344033756540145,0.6292086406374711,0.5826882523677797,-0.046520388269691404,0.0029104684468262035,0.0014012143858010276,-0.0015092540610251758
R1_low_expansion_low_friction,a050_mu010_g002,R1,15,0.0010366818749553133,0.000503328528612425,-0.0005333533463428883,0.15163581677899485,0.3281090324152075,0.17647321563621265,0.002743262869130224,0.04930134458212497,0.04655808171299475,0.7214146838255717,0.6705218356772761,-0.050892848148295644,0.6302546506422168,0.5809842123885399,-0.04927043825367683,0.0025460605499490786,0.001757957068837898,-0.0007881034811111807
R1_low_expansion_low_friction,a050_mu010_g002,R1,16,0.001006105762365084,0.0005369992029830893,-0.00046910655938199467,0.15108402602446902,0.3267416346292522,0.1756576086047832,0.0024181847493148475,0.04503796805446452,0.04261978330514967,0.7222529753667313,0.6701856570804514,-0.05206731828627986,0.6296994624600653,0.584049848000553,-0.04564961445951221,0.00023064858381769535,0.0005915544230069166,0.0003609058391892213
R1_low_expansion_low_friction,a050_mu010_g002,R1,17,0.001014055732529459,0.0005597376901206568,-0.00045431804240880216,0.1521690534066738,0.330181239628498,0.1780121862218242,0.0019169329073482429,0.04490590525632706,0.04298897234897882,0.7221561270248009,0.6773222350128398,-0.044833892011961085,0.6316204888183788,0.589786862541371,-0.04183362627700782,0.0002287910679967054,0.0005313025768174976,0.00030251150882079224
R1_low_expansion_low_friction,a050_mu010_g002,R1,18,0.0010507335508066838,0.0006205593868228646,-0.0004301741639838192,0.15264331121478614,0.32788528960238056,0.17524197838759442,0.0024142926122646064,0.050614886731391584,0.04820059411912698,0.7220921155347385,0.6798415492957747,-0.04225056623896384,0.6302070204546347,0.5942594513599369,-0.03594756909469787,0.00013776002204160352,0.0003080985915492958,0.00017033856950769227
R1_low_expansion_low_friction,a050_mu010_g002,R1,19,0.0010408169916140484,0.0006542240416211058,-0.00038659294999294266,0.15156751510484207,0.3452949235190358,0.19372740841419372,0.0027057138309724655,0.049019607843137254,0.04631389401216479,0.7214686943416907,0.6756841774142812,-0.04578451692740948,0.6312952802423286,0.5887972606407856,-0.04249801960154298,4.566835639585331e-05,0.00031456432840515884,0.0002688959720093055
R1_low_expansion_low_friction,a050_mu010_g002,R1,20,0.001035806346962127,0.0006179546432402795,-0.0004178517037218475,0.14967850401778285,0.3408410271790745,0.19116252316129165,0.0031867431485022306,0.04588934850051706,0.04270260535201483,0.7230748274609516,0.6758816232500443,-0.047193204210907336,0.6329070320894471,0.589417441186051,-0.0434895909033961,4.540501271340356e-05,0.00031011873117136273,0.00026471371845795917
R1_low_expansion_low_friction,a050_mu010_g002,R1,21,0.0010273422771690688,0.0006223667456171464,-0.0004049755315519224,0.15239878462868447,0.35360637989913163,0.20120759527044715,0.0038247011952191236,0.0470726300691094,0.04324792887389028,0.7196652719665272,0.6704706258273612,-0.04919464613916602,0.6299649835157286,0.5867663376757942,-0.04319864583993438,0.0005977286312014345,0.0006847126489250012,8.698401772356667e-05
R1_low_expansion_low_friction,a050_mu010_g002,R1,22,0.0009985776544576572,0.0005704445784933559,-0.0004281330759643013,0.15337827447052962,0.3329721330243084,0.17959385855377877,0.005460093142765377,0.05436616063319061,0.04890606749042523,0.7208668330098882,0.6734383390012529,-0.04742849400863525,0.6299959169969548,0.5890116692631406,-0.04098424773381415,0.0003234451529433509,0.0009844281367460176,0.0006609829838026667
R1_low_expansion_low_friction,a050_mu010_g002,R1,23,0.0010352922078210348,0.0005680363601992249,-0.00046725584762180995,0.15394560295048343,0.34018104921318676,0.18623544626270333,0.0020736959642686232,0.055334921895684404,0.05326122593141578,0.7225565280816922,0.6681006265781352,-0.05445590150355706,0.6313888496024449,0.5828251755640363,-0.048563674038408555,0.00018234865061998541,0.0003273169363134761,0.0001449682856934907
R1_low_expansion_low_friction,a050_mu010_g002,R1,24,0.0010171485260414691,0.000537909990134928,-0.00047923853590654114,0.15071307947062598,0.3180024203034481,0.16728934083282213,0.0031665611146295125,0.05435205603839668,0.051185494923767165,0.7205002967088145,0.6753742947265539,-0.04512600198226069,0.6306763788729959,0.5908245770393309,-0.03985180183366499,4.564750992833341e-05,0.0006664001066240171,0.0006207525966956837
R1_low_expansion_low_friction,a050_mu010_g002,R1,25,0.001039644199910404,0.000584835333754946,-0.0004548088661554579,0.15203799377087046,0.33446176260309823,0.18242376883222777,0.0023610892491736186,0.05446451950772453,0.052103430258550916,0.7224550493443288,0.6732162260050706,-0.04923882333925822,0.6311961084717898,0.5878537052432751,-0.04334240322851468,0.002117975755937092,0.0007696486780152118,-0.00134832707792188
R1_low_expansion_low_friction,a050_mu010_g002,R1,26,0.0010134921046860478,0.000606973245073284,-0.0004065188596127638,0.1504857080024916,0.3350552133198478,0.18456950531735616,0.002723049815793689,0.0539872512033303,0.05126420138753661,0.722856360149758,0.6750603810716522,-0.04779597907810573,0.631735649411842,0.5880807192199538,-0.043654930191888264,0.0007761848233038079,0.00040254047768136685,-0.00037364434562244106
R1_low_expansion_low_friction,a050_mu010_g002,R1,27,0.0010154670012826987,0.0006202824568658427,-0.00039518454441685603,0.15216918498691592,0.33777962839782744,0.1856104434109115,0.0033370411568409346,0.05504587155963303,0.051708830402792096,0.7215,0.6781814129708046,-0.04331858702919544,0.6305116343960709,0.5926303126229142,-0.03788132177315673,0.002681818181818182,0.0004011589034989971,-0.002280659278319185
R1_low_expansion_low_friction,a050_mu010_g002,R1,28,0.0010119562441710818,0.0006194377734528904,-0.00039251847071819143,0.15109491987654533,0.32374652579123225,0.17265160591468692,0.0030669895076674736,0.05344108446298227,0.050374094955314794,0.7210176888434932,0.6743924392439244,-0.04662524959956871,0.6301899261841744,0.590316119495819,-0.039873806688355384,0.00023213705371651422,0.000225022502250225,-7.114551466289205e-06
R1_low_expansion_low_friction,a050_mu010_g002,R1,29,0.000993914325324119,0.0006138290792213369,-0.0003800852461027821,0.14877518622552163,0.3326188476439884,0.18384366141846678,0.0020944095376188173,0.05457653866386113,0.05248212912624231,0.7209570880872096,0.6718336828667821,-0.04912340522042746,0.6308484984637579,0.5880145289175811,-0.0428339695461768,0.0006004896300060049,0.0003191392358894866,-0.00028135039411651826
R1_low_expansion_low_friction,a050_mu010_g002,R1,30,0.0010193142635371865,0.000620187084697895,-0.00039912717883929156,0.151618020154821,0.3319574221795379,0.18033940202471688,0.003032237472071497,0.0566649377593361,0.0536327002872646,0.723404255319149,0.6752841542233118,-0.0481201010958372,0.6317364431344094,0.590256278465154,-0.041480164669255304,0.002693817916172039,0.00022286605749944285,-0.0024709518586725964
R3_intermediate,a100_mu030_g002,R3,1,0.0018405155352817914,0.0017034588769509567,-0.0001370566583308347,0.16046882267069246,0.2955313278432119,0.13506250517251944,0.002780503761858031,0.0021766169154228856,-0.0006038868464351452,0.6815477785519053,0.5540131834044203,-0.127534595147485,0.6010644066482509,0.5041564614605686,-0.09690794518768231,0.019186451578326814,0.0005428460643660334,-0.01864360551396078
R3_intermediate,a100_mu030_g002,R3,2,0.0008960872261189144,0.0009813392139650843,8.525198784616983e-05,0.18962651820261833,0.3393454695035967,0.14971895130097834,0.0016313213703099511,0.007398485891259464,0.005767164520949513,0.5213819763227833,0.5566198191746486,0.035237842851865375,0.49665599138829014,0.5108798695012972,0.014223878113007016,0.05387774824836917,0.008951750067138126,-0.04492599818123104
R3_intermediate,a100_mu030_g002,R3,3,0.0009063763883098713,0.002389249122864916,0.001482872734555045,0.18678108013508507,0.2826123649997547,0.0958312848646696,0.002007226013649137,0.0486102608056814,0.04660303479203226,0.520671206225681,0.6761470902076664,0.15547588398198542,0.4976998401180221,0.5845084482164442,0.08680860809842211,0.006809338521400778,0.00036936715094804237,-0.006439971370452736
R3_intermediate,a100_mu030_g002,R3,4,0.0008644623918522115,0.0012106671663055383,0.0003462047744533268,0.19930543397537206,0.3146601702708514,0.11535473629547935,0.0016625103906899418,0.019426048565121413,0.01776353817443147,0.5103229221810481,0.5990153527239749,0.08869243054292675,0.4938730313893163,0.5365772746819287,0.04270424329261241,0.010322922181048173,0.0019433827816285549,-0.008379539399419617
R3_intermediate,a100_mu030_g002,R3,5,0.0009330975454836434,0.002494857899303242,0.0015617603538195988,0.19497455105032618,0.26612292749862304,0.07114837644829686,0.00291970802919708,0.05157557853274249,0.04865587050354541,0.5213787085514834,0.6851674258770878,0.1637887173256044,0.4968436371740422,0.5943490445805563,0.09750540740651409,0.007635253054101222,0.00043954287540957405,-0.0071957101786916475
R3_intermediate,a100_mu030_g002,R3,6,0.0008911246935518963,0.0008417935185914036,-4.9331174960492714e-05,0.18643213538092346,0.3142748147596909,0.12784267937876742,0.0015704750687082843,0.008056222146040452,0.0064857470773321685,0.5283648498331479,0.5535698085820557,0.025204958748907824,0.49956774828263384,0.5101719147146285,0.010604166431994688,0.04382647385984427,0.006168919531887871,-0.0376575543279564
R3_intermediate,a100_mu030_g002,R3,7,0.0008738431507515996,0.002473667804337442,0.0015998246535858423,0.1864020197108914,0.26707807783404386,0.08067605812315246,0.0014104372355430183,0.036943955767780846,0.03553351853223783,0.518541797611565,0.6801101055177878,0.16156830790622279,0.4949766749406332,0.5887435637276373,0.09376688878700407,0.042949926670856904,0.001793385327605622,-0.04115654134325128
R3_intermediate,a100_mu030_g002,R3,8,0.0009365680741549704,0.0008424305278061769,-9.413754634879346e-05,0.18139025226368485,0.3037780678997312,0.12238781563604637,0.002172338884866039,0.01063264221158958,0.008460303326723541,0.548219584569733,0.5540208136234627,0.005801229053729706,0.5060853291431631,0.5099665840147988,0.0038812548716357087,0.030229970326409495,0.005014191106906339,-0.025215779219503156
R3_intermediate,a100_mu030_g002,R3,9,0.0009057579182122012,0.0024612584672953825,0.0015555005490831813,0.19537131085909584,0.28459331840843943,0.08922200754934359,0.0020913210177762286,0.05281779125600202,0.050726470238225796,0.5200930626057529,0.6762510602205258,0.1561579976147729,0.49705277912600343,0.5827216699551578,0.08566889082915441,0.013747884940778343,0.0010602205258693808,-0.012687664414908963
R3_intermediate,a100_mu030_g002,R3,10,0.0009656121555816908,0.0008473613936390311,-0.00011825076194265966,0.18383538192989385,0.31597593774039473,0.13214055581050088,0.001827485380116959,0.012996136283807516,0.011168650903690557,0.5453669813138123,0.5477544059124503,0.002387424598637944,0.5065948241406742,0.5082599142815035,0.0016650901408292729,0.0032748988634174535,0.0010422588592003033,-0.00223264000421715
R3_intermediate,a100_mu030_g002,R3,11,0.0009706236647194506,0.0024855089472016574,0.0015148852824822068,0.19084847150182307,0.2896682311540216,0.09881975965219855,0.0021684134441633538,0.05156072286111462,0.04939230941695127,0.522877207916578,0.6759519550217225,0.15307474710514446,0.4986676515427873,0.5843340666172737,0.08566641507448641,0.00021281123643328368,0.0014907573047107932,0.0012779460682775094
R3_intermediate,a100_mu030_g002,R3,12,0.0010154533030157626,0.001009894487009842,-5.558816005920512e-06,0.18898144122585087,0.3238335229812133,0.13485208175536245,0.0025993316004456,0.010393964794635373,0.007794633194189774,0.5360224764198274,0.5632758620689655,0.02725338564913815,0.5033414412432409,0.5185170387054333,0.015175597462192436,0.006421834236403773,0.01663793103448276,0.010216096798078986
R3_intermediate,a100_mu030_g002,R3,13,0.0009364612481346626,0.002671498902298491,0.0017350376541638286,0.18989499956489284,0.2964354976849999,0.10654049812010705,0.0025307302964569776,0.05359608384586419,0.05106535354940721,0.5186308492201039,0.6815194477741495,0.16288859855404558,0.49603203660780626,0.5877332505456584,0.09170121393785213,0.0032495667244367417,0.0005373455131649651,-0.0027122212112717765
R3_intermediate,a100_mu030_g002,R3,14,0.00088138460792126,0.0008926905574390112,1.1305949517751183e-05,0.18211567096279216,0.29914658683544815,0.11703091587265599,0.0019554165037152915,0.015530629853321829,0.013575213349606537,0.533361665958351,0.5615696887686062,0.02820802281025525,0.5003339335528488,0.5210152619019616,0.020681328349112738,0.00021249468763280918,0.0033378439332431213,0.003125349245610312
R3_intermediate,a100_mu030_g002,R3,15,0.000982683819922534,0.002495805838590101,0.0015131220186675668,0.1867100277387066,0.2902802078207243,0.10357018008201768,0.002044989775051125,0.02436868686868687,0.022323697093635745,0.5261800872669575,0.677719506005752,0.1515394187387945,0.5001207065062824,0.5838617929148612,0.0837410864085788,0.002776675922253074,4.229402808323465e-05,-0.0027343818941698394
R3_intermediate,a100_mu030_g002,R3,16,0.0009051072345698287,0.0009181759309950538,1.3068696425225083e-05,0.17882978660201626,0.3081020014308221,0.12927221482880585,0.001840942562592047,0.01716366158113731,0.015322719018545261,0.5408341416100872,0.5640682203768194,0.023234078766732114,0.5041079424378849,0.5242242043292515,0.020116261891366616,0.026576139670223084,0.0003571747477453344,-0.02621896492247775
R3_intermediate,a100_mu030_g002,R3,17,0.0009775802927133616,0.002383316963923415,0.0014057366712100533,0.2015640974793281,0.2936194976083212,0.09205540012899308,0.0014550745725718443,0.033657537752751474,0.03220246318017963,0.5153553015019054,0.6741836159417147,0.15882831443980927,0.4955890183367889,0.581641347725225,0.0860523293884361,0.006276619592019726,0.00013010104514506266,-0.006146518546874664
R3_intermediate,a100_mu030_g002,R3,18,0.0008745840546004176,0.0009113005580502371,3.671650344981949e-05,0.17830374574182806,0.31868445203340795,0.1403807062915799,0.0015088645794039985,0.014487870619946091,0.012979006040542092,0.5354090354090354,0.5647457038708558,0.02933666846182037,0.5010244668124819,0.5231569992402031,0.022132532427721174,0.02218152218152218,0.0016490192674882833,-0.0205325029140339
R3_intermediate,a100_mu030_g002,R3,19,0.0008646526149047552,0.0024515388269601875,0.0015868862120554323,0.19180624992574025,0.28815044564257847,0.09634419571683822,0.0018063583815028901,0.04596100278551532,0.04415464440401243,0.5188576411597995,0.6775641568561023,0.15870651569630279,0.4965164729740493,0.5861727634614151,0.08965629048736579,0.004142140832788315,0.00046582535783857036,-0.0036763154749497443
R3_intermediate,a100_mu030_g002,R3,20,0.0008985471495855124,0.0009595255186364479,6.097836905093559e-05,0.17818868738246693,0.31545705217899156,0.13726836479652463,0.001480932987782303,0.020471014492753622,0.01899008150497132,0.5343663090981327,0.5553093081518597,0.020942999053727096,0.5007860767016381,0.5207414668506034,0.019955390148965302,0.006555423122765197,0.00472152630564656,-0.0018338968171186364
R3_intermediate,a100_mu030_g002,R3,21,0.0009742980291459523,0.0020749509230225827,0.0011006528938766304,0.1907231614571935,0.29100638067632806,0.10028321921913455,0.0016789791806581598,0.03380060264640377,0.03212162346574561,0.52776176753122,0.66879760609358,0.14103583856236002,0.4991400463390457,0.574377422495473,0.07523737615642728,0.014601344860710855,0.00022669568371418207,-0.014374649176996674
R3_intermediate,a100_mu030_g002,R3,22,0.0008886784281825056,0.0011194020791287067,0.00023072365094620108,0.1801996167352878,0.34210294788245704,0.16190333114716923,0.0018608113137327876,0.022808267997148968,0.02094745668341618,0.5389043271139341,0.5599179334141565,0.02101360630022242,0.5032944886298172,0.5268658004032568,0.02357131177343963,0.09031361651448988,0.0019584071621747646,-0.08835520935231511
R3_intermediate,a100_mu030_g002,R3,23,0.0009213952800030592,0.001978428192319603,0.0010570329123165438,0.18647687077523983,0.2698148172665444,0.08333794649130455,0.0013463480309660047,0.04135723431498079,0.040010886284014786,0.5297350343473994,0.6718470336578338,0.1421119993104344,0.49991774191001054,0.5795097251258494,0.07959198321583888,0.00549558390578999,8.730955603090758e-05,-0.005408274349759082
R3_intermediate,a100_mu030_g002,R3,24,0.0008996903684738886,0.0012700401206871713,0.0003703497522132826,0.175887449270238,0.3544346416956798,0.1785471924254418,0.0017825311942959,0.026147278548559232,0.024364747354263333,0.5481263776634827,0.5582810420231983,0.01015466435971557,0.5065388990273361,0.525383364476751,0.018844465449414982,0.0029390154298310064,9.507510933637573e-05,-0.0028439403204946305
R3_intermediate,a100_mu030_g002,R3,25,0.0008953800762293438,0.0022880847486373658,0.0013927046724080219,0.1850242268043311,0.27785971004852345,0.09283548324419236,0.0016835016835016834,0.023566477630749844,0.02188297594724816,0.5248780487804878,0.6768398359893477,0.1519617872088599,0.49881823001443293,0.5843053702167247,0.08548714020229176,0.025170731707317075,0.000464978653252737,-0.024705753054064337
R3_intermediate,a100_mu030_g002,R3,26,0.0008624487554717496,0.001135311882896799,0.0002728631274250494,0.17805088045916934,0.3312620909419361,0.15321121048276676,0.0014114326040931546,0.020480225988700564,0.01906879338460741,0.5433186490455213,0.5585627624825011,0.015244113436979845,0.5037108632799526,0.5241678426001453,0.020456979320192636,0.0025697503671071953,0.001679888007466169,-0.0008898623596410263
R3_intermediate,a100_mu030_g002,R3,27,0.0009028969673141873,0.00208074609477036,0.0011778491274561727,0.19372918928497485,0.27236940876280286,0.07864021947782801,0.001643655489809336,0.040324658593146094,0.03868100310333676,0.5220272904483431,0.6724600695208343,0.1504327790724912,0.49673916992741596,0.5812235801809847,0.08448441025356879,0.005653021442495127,0.001188014256171074,-0.0044650071863240525
R3_intermediate,a100_mu030_g002,R3,28,0.0009205757412970604,0.0011293147104484112,0.00020873896915135084,0.17973237323213934,0.33090870979017084,0.1511763365580315,0.002142857142857143,0.02384219554030875,0.021699338397451605,0.5389977392614921,0.5700625869262865,0.031064847664794448,0.5031312228586989,0.5285277970293027,0.025396574170603814,0.011492087415222306,0.0003477051460361613,-0.011144382269186145
R3_intermediate,a100_mu030_g002,R3,29,0.000978704653496127,0.0021344304011162835,0.0011557257476201566,0.1919956637576173,0.27494669800998983,0.08295103425237252,0.0034482758620689655,0.041814495691839836,0.03836621982977087,0.5235792019347038,0.6766904519198097,0.15311124998510595,0.49975038601572114,0.5826407244460773,0.08289033843035615,0.009270455461507456,0.0004672103295956507,-0.008803245131911806
R3_intermediate,a100_mu030_g002,R3,30,0.000942530112633884,0.0010832348721270988,0.0001407047594932148,0.17353004837820485,0.32871089250580604,0.1551808441276012,0.0017283097131005876,0.031013215859030836,0.02928490614593025,0.5515320334261838,0.5646469248291571,0.013114891402973283,0.5075706966677526,0.5281011551641265,0.020530458496373916,0.0015668523676880223,0.0015489749430523919,-1.7877424635630388e-05
R5_high_expansion_intermediate_friction,a150_mu030_g002,R5,1,0.0011355348461763851,0.023693286486235202,0.022557751640058816,0.1717626993908132,0.1339769355893418,-0.03778576380147142,0.002651640702684786,0.0032028102076660813,0.0005511695049812953,0.5496117342536669,0.7956020721006449,0.245990337846978,0.5089224381465227,0.6993510595669487,0.19042862142042594,0.011906816220880068,0.0012052013954963526,-0.010701614825383716
R5_high_expansion_intermediate_friction,a150_mu030_g002,R5,2,0.001201893485530855,0.011707903906996739,0.010506010421465883,0.16544822561368627,0.16062626098146857,-0.004821964632217707,0.0018501387604070306,0.011226611226611227,0.009376472466204197,0.5632148377125193,0.7811097185826592,0.21789488087013986,0.515307520632601,0.6782098716284717,0.1629023509958707,0.0003091190108191654,0.0012988492651247578,0.0009897302543055925
R5_high_expansion_intermediate_friction,a150_mu030_g002,R5,3,0.0014777358376686402,0.005503419763620484,0.004025683925951844,0.1569721343959361,0.18687084148464664,0.029898707088710536,0.0024785939612438036,0.04913140786528829,0.046652813904044486,0.6322055137844611,0.7501938658181138,0.11798835203365265,0.5590774869102212,0.6441151208920375,0.0850376339818163,0.016469745793054064,0.0015776666577532958,-0.014892079135300768
R5_high_expansion_intermediate_friction,a150_mu030_g002,R5,4,0.0011859588504657727,0.003905030085475585,0.002719071235009812,0.1915601844203802,0.22676533672714788,0.035205152306767684,0.0020300446609825416,0.0224578203374373,0.02042777567645476,0.5052113491603938,0.700277104260478,0.19506575510008417,0.4929105918160512,0.5995009346626274,0.10659034284657626,0.01766068326577881,0.00114305507447177,-0.01651762819130704
R5_high_expansion_intermediate_friction,a150_mu030_g002,R5,5,0.0010606084552553852,0.0031755352372314694,0.002114926781976084,0.1870476608693178,0.265959075783319,0.07891141491400122,0.0018885741265344666,0.010533159947984396,0.008644585821449929,0.5047652665019414,0.6516095287908326,0.14684426228889114,0.4924257717203545,0.5736962619473944,0.08127049022703992,0.03847511471937875,0.06138557367695307,0.02291045895757432
R5_high_expansion_intermediate_friction,a150_mu030_g002,R5,6,0.0010840557367141827,0.004149819200954661,0.003065763464240478,0.20468432536290138,0.2796170658728079,0.0749327405099065,0.0016216216216216215,0.009100706502215304,0.007479084880593683,0.4947175011483693,0.6778037290685246,0.18308622792015528,0.48950228575261,0.580544234280006,0.091041948527396,0.12218649517684887,0.0003562804322869245,-0.12183021474456195
R5_high_expansion_intermediate_friction,a150_mu030_g002,R5,7,0.0011236487122955796,0.003613312679655818,0.0024896639673602384,0.20608377188992533,0.25645554511132246,0.05037177322139713,0.00202020202020202,0.034025096525096526,0.03200489450489451,0.4956736711990111,0.6822937150947849,0.18662004389577375,0.49016183250820455,0.5921219515519309,0.10196011904372637,0.0008240626287597857,0.0008259262172579249,1.863588498139169e-06
R5_high_expansion_intermediate_friction,a150_mu030_g002,R5,8,0.0011731902136941552,0.0046199583309477705,0.003446768117253615,0.19932522502378328,0.2545957615081251,0.0552705364843418,0.00236630383341221,0.041141800531607535,0.03877549669819533,0.49837015574067367,0.7040717065036132,0.2057015507629395,0.49043916497273093,0.609015458031021,0.11857629305829004,0.02426657008330315,0.00010422456920511395,-0.024162345514098037
R5_high_expansion_intermediate_friction,a150_mu030_g002,R5,9,0.0010524649120733272,0.0036073084460092903,0.0025548435339359634,0.18333024267330897,0.2829194519144819,0.09958920924117295,0.0014097744360902255,0.04238541153277477,0.040975637096684545,0.49909584086799275,0.671752215348604,0.17265637448061122,0.48992856777315125,0.5887333108302952,0.09880474305714398,0.06871609403254973,0.0011285738170874436,-0.06758752021546229
R5_high_expansion_intermediate_friction,a150_mu030_g002,R5,10,0.001235036999057327,0.004124575488149088,0.002889538489091761,0.1935712603200441,0.25835865874090425,0.06478739842086015,0.001284796573875803,0.04153954470781507,0.04025474813393926,0.49935649935649934,0.697386071130769,0.19802957177426966,0.4904280067297697,0.6032145482199995,0.11278654149022982,0.08043758043758044,3.625421455244172e-05,-0.080401326223028
R5_high_expansion_intermediate_friction,a150_mu030_g002,R5,11,0.0012525914165788924,0.0031943552574398393,0.0019417638408609468,0.2057903959319353,0.28124760747876676,0.07545721154683147,0.0009319664492078285,0.03202717457236443,0.031095208123156602,0.4976576576576577,0.6764860175134175,0.17882835985575984,0.4896998404400619,0.5842751451502227,0.09457530471016085,0.14666666666666667,0.0004438884629353133,-0.14622277820373136
R5_high_expansion_intermediate_friction,a150_mu030_g002,R5,12,0.0013125430623167186,0.003548367799354251,0.0022358247370375325,0.20717007313196606,0.2941238153061979,0.08695374217423185,0.0015205271160669033,0.04188096987509184,0.040360442759024936,0.4980015987210232,0.6714604512769651,0.1734588525559419,0.4903440951343118,0.5804305514510426,0.09008645631673079,0.014388489208633094,4.132572939912389e-05,-0.01434716347923397
R5_high_expansion_intermediate_friction,a150_mu030_g002,R5,13,0.0012026010196811358,0.0026511453835925325,0.0014485443639113966,0.2027396061178353,0.26518840203219934,0.06244879591436403,0.0015965939329430547,0.025424764698692093,0.023828170765749036,0.49736611062335384,0.660462733714676,0.16309662309132217,0.4899086631030875,0.5676244406614396,0.07771577755835207,0.040825285338015806,0.0006403141808247247,-0.04018497115719108
R5_high_expansion_intermediate_friction,a150_mu030_g002,R5,14,0.0012438954112224162,0.00305883121936614,0.0018149358081437238,0.21422286454704592,0.30415236042883476,0.08992949588178883,0.0017730496453900709,0.03244466800804829,0.030671618362658217,0.4955,0.6435855646100116,0.1480855646100116,0.48959563156350694,0.5588941147131067,0.06929848314959974,0.1715,0.0005122235157159488,-0.17098777648428407
R5_high_expansion_intermediate_friction,a150_mu030_g002,R5,15,0.0012487270079485392,0.0026381188627593046,0.0013893918548107654,0.20002190772765263,0.25685168546485304,0.05682977773720041,0.0019342359767891683,0.03052109181141439,0.02858685583462522,0.49839400428265523,0.660988891309083,0.16259488702642777,0.49125886922983086,0.5727670949608779,0.08150822573104699,0.11616702355460386,0.0007405793944674363,-0.11542644416013642
R5_high_expansion_intermediate_friction,a150_mu030_g002,R5,16,0.0010977353122715626,0.0027940037330635805,0.0016962684207920179,0.20550246249166537,0.2638796425822482,0.05837718009058285,0.0018393623543838135,0.03751246261216351,0.0356731002577797,0.49761778718898886,0.6637773325202544,0.16615954533126553,0.4902034547303797,0.5760703569735268,0.08586690224314714,0.05505558496559026,0.00021778900601097657,-0.05483779595957928
R5_high_expansion_intermediate_friction,a150_mu030_g002,R5,17,0.0011346250095305207,0.0025380901606023433,0.0014034651510718226,0.20576145916739708,0.2556563827527806,0.0498949235853835,0.001768867924528302,0.034265103697024346,0.032496235772496045,0.4968795007201152,0.6559309448672731,0.15905144414715788,0.49027096292375466,0.5743327818567833,0.08406181893302861,0.10129620739318292,0.001670688695006497,-0.09962551869817642
R5_high_expansion_intermediate_friction,a150_mu030_g002,R5,18,0.0011389239003655378,0.0025315855945054868,0.001392661694139949,0.19460318555436565,0.3046467963638802,0.11004361080951455,0.0017974835230677051,0.03296547821165818,0.03116799468859047,0.4971126082771896,0.6162797566306338,0.11916714835344422,0.4906367099119226,0.5469667267187452,0.05633001680682265,0.04667949951876805,0.001713036800756099,-0.04496646271801195
R5_high_expansion_intermediate_friction,a150_mu030_g002,R5,19,0.0011294027621798482,0.002682608719879922,0.001553205957700074,0.19622403093208643,0.27324092894492125,0.07701689801283482,0.0016741071428571428,0.02058746393915552,0.018913356796298377,0.4993282579489476,0.6459180175326902,0.1465897595837426,0.49049295342136506,0.5661345160371615,0.07564156261579641,0.04791759964173757,4.897399480875655e-05,-0.047868625646928814
R5_high_expansion_intermediate_friction,a150_mu030_g002,R5,20,0.0011282541794345798,0.0026233900352699456,0.0014951358558353658,0.19984149103729246,0.34409401295907643,0.14425252192178398,0.001729106628242075,0.030751544762178475,0.0290224381339364,0.49620493358633777,0.6032786885245902,0.10707375493825244,0.4904171252461227,0.5433345060580457,0.05291738081192299,0.0730550284629981,0.00018558614290133005,-0.07286944232009678
R5_high_expansion_intermediate_friction,a150_mu030_g002,R5,21,0.001235765141294887,0.0037352533861977223,0.0024994882449028352,0.20493018815895253,0.30371185413702684,0.0987816659780743,0.0024024024024024023,0.045875096376252894,0.04347269397385049,0.4973052425281725,0.6606165632980664,0.1633113207698939,0.49105628412427776,0.5753701645201,0.08431388039582227,0.07643312101910828,0.00022801897117840205,-0.07620510204792988
R5_high_expansion_intermediate_friction,a150_mu030_g002,R5,22,0.0011491473084095792,0.002690018861792944,0.0015408715533833648,0.19778584974929223,0.3465562945972634,0.14877044484797117,0.0012345679012345679,0.037530792638748006,0.03629622473751344,0.4976768198244708,0.6037605766217486,0.10608375679727783,0.4902657837532895,0.5482625243744761,0.05799674062118659,0.2854930304594734,0.0001880288310874334,-0.28530500162838596
R5_high_expansion_intermediate_friction,a150_mu030_g002,R5,23,0.0011139940153589974,0.004002898897068062,0.0028889048817090646,0.1962231787583072,0.3016411998681898,0.10541802110988263,0.0015592515592515593,0.046167580665731414,0.044608329106479855,0.4973151590251962,0.6639333243715553,0.1666181653463591,0.49019753442223823,0.5742028473494127,0.0840053129271745,0.023130937629078894,0.0004928977909217189,-0.022638039838157174
R5_high_expansion_intermediate_friction,a150_mu030_g002,R5,24,0.0010764993778527292,0.001811240036062949,0.0007347406582102198,0.20621800066672935,0.3265893646500971,0.12037136398336773,0.0018170805572380376,0.02238168460618486,0.020564604048946823,0.49569183983781046,0.5514705882352942,0.0557787483974837,0.4893889770401155,0.5177558999427144,0.0283669229025989,0.039533705017739486,0.004448075526506899,-0.03508562949123259
R5_high_expansion_intermediate_friction,a150_mu030_g002,R5,25,0.001030214061475368,0.003687044475854407,0.002656830414379039,0.18955708161706747,0.2930280430441221,0.10347096142705464,0.0012406947890818859,0.03710526315789474,0.035864568368812855,0.49750156152404745,0.6539539301828544,0.15645236865880696,0.4897071143383174,0.5624390371906157,0.07273192285229835,0.030605871330418487,0.00023747328425552126,-0.030368398046162967
R5_high_expansion_intermediate_friction,a150_mu030_g002,R5,26,0.0012189689490827182,0.0012628263141248087,4.385736504209053e-05,0.21885503014381602,0.33165772580509395,0.11280269566127793,0.0017331022530329288,0.002208480565371025,0.00047537831233809597,0.4990800367985281,0.5153365314725977,0.016256494674069644,0.4896260291325887,0.4953777792192919,0.0057517500867032,0.23045078196872126,0.016136066288704752,-0.2143147156800165
R5_high_expansion_intermediate_friction,a150_mu030_g002,R5,27,0.001237459017200535,0.002850661497349911,0.0016132024801493758,0.18623855705469403,0.25003925230387464,0.06380069524918061,0.0013893713094824591,0.027037933817594836,0.02564856250811238,0.5043745566327738,0.6554103299159418,0.15103577328316808,0.49323256295566514,0.5597282375757677,0.06649567462010259,0.028139039962165997,0.0006316505514795199,-0.027507389410686478
R5_high_expansion_intermediate_friction,a150_mu030_g002,R5,28,0.0013049006271688534,0.0010997645599409433,-0.00020513606722791016,0.21109915399563758,0.29368722408471765,0.08258807008908006,0.0017899761336515514,0.004869411243913236,0.0030794351102616845,0.4952290076335878,0.5153409917115022,0.02011198407791437,0.48893482183938103,0.4960781767206458,0.007143354881264774,0.00047709923664122136,0.006979787698124182,0.006502688461482961
R5_high_expansion_intermediate_friction,a150_mu030_g002,R5,29,0.0011598494793107512,0.002760262135648293,0.0016004126563375417,0.1872920308814212,0.23854486776191985,0.05125283688049864,0.0016494845360824743,0.0260444209413009,0.024394936405218427,0.5023923444976076,0.6606506656666041,0.15825832116899652,0.4923298422732679,0.5657396545662425,0.07340981229297461,0.1291866028708134,4.687792987061691e-05,-0.12913972494094278
R5_high_expansion_intermediate_friction,a150_mu030_g002,R5,30,0.0011420991473865497,0.001105376421884025,-3.672272550252469e-05,0.19596028429933074,0.29307825343839106,0.09711796913906032,0.00234192037470726,0.0030414946773843145,0.0006995743026770545,0.4963785610816031,0.5108212698867708,0.014442708805167681,0.4891618302187836,0.4921156009139815,0.002953770695197866,0.5195557701593433,0.008169700444317042,-0.5113860697150262
R6_high_expansion_high_friction,a150_mu060_g020,R6,1,0.0009503838474929665,0.03695177628743169,0.036001392439938724,0.19126757727911886,0.1401781661834268,-0.05108941109569207,0.001834862385321101,0.007979274611398964,0.006144412226077863,0.5042567125081859,0.7865969792266466,0.2823402667184607,0.4937963869340072,0.6929487571100559,0.1991523701760487,0.20759659462999344,0.0006865393985029011,-0.20691005523149053
R6_high_expansion_high_friction,a150_mu060_g020,R6,2,0.0010873658443598675,0.023473684791102446,0.02238631894674258,0.17699134481935433,0.1733716869921951,-0.0036196578271592283,0.0013015184381778742,0.03335431088735054,0.03205279244917266,0.5056309558186544,0.7712080407809945,0.2655770849623401,0.49402953066218674,0.6700686617787662,0.17603913111657948,0.01674848397343344,0.002765220736750986,-0.013983263236682454
R6_high_expansion_high_friction,a150_mu060_g020,R6,3,0.0011955954534680672,0.013930532721253495,0.012734937267785428,0.16486888783301037,0.18562792757586694,0.02075903974285656,0.0016420361247947454,0.046596915111638444,0.0449548789868437,0.5361182050346589,0.7502640630501314,0.21414585801547248,0.5052040578447636,0.6537898648250178,0.14858580698025414,0.03502371397300255,0.0005145844053841778,-0.034509129567618375
R6_high_expansion_high_friction,a150_mu060_g020,R6,4,0.0015093980626598074,0.008693083300851773,0.007183685238191966,0.1580755984369377,0.2064048891267664,0.04832929068982872,0.0018812147272238647,0.05019220208676552,0.04831098735954165,0.57809922598655,0.7194955268389662,0.14139630085241628,0.5253683069712143,0.6199403301530308,0.09457202318181657,0.036036036036036036,0.00021744532803180916,-0.03581859070800423
R6_high_expansion_high_friction,a150_mu060_g020,R6,5,0.0010233821899192858,0.007040108013272265,0.006016725823352979,0.20942070854221398,0.27031406325997104,0.06089335471775706,0.0031867431485022306,0.03031009559337841,0.02712335244487618,0.49545970488081725,0.6673636865777638,0.17190398169694654,0.49013529874288236,0.576937641249844,0.08680234250696167,0.019863791146424517,0.0008285331018701176,-0.0190352580445544
R6_high_expansion_high_friction,a150_mu060_g020,R6,6,0.0009647731595525921,0.005817340078730768,0.004852566919178176,0.19551527885104203,0.28115885391705164,0.08564357506600961,0.0011869436201780415,0.012000494865767661,0.01081355124558962,0.4952076677316294,0.6427467733139429,0.14753910558231353,0.48988171025205457,0.558189731889094,0.06830802163703947,0.5138445154419595,0.002090528994728231,-0.5117539864472312
R6_high_expansion_high_friction,a150_mu060_g020,R6,7,0.00104480144543434,0.00587480051609289,0.00482999907065855,0.19847651162372815,0.28146129634584705,0.0829847847221189,0.001693002257336343,0.040423718495068796,0.03873071623773245,0.49488553336580615,0.6627862676205393,0.16790073425473312,0.49032794638394134,0.5882163460914936,0.09788839970755231,0.0754992693619094,0.0003809846336197773,-0.07511828472828962
R6_high_expansion_high_friction,a150_mu060_g020,R6,8,0.001045227360395528,0.006027280885580368,0.00498205352518484,0.19860439918382014,0.2499098946374964,0.05130549545367627,0.0018633540372670807,0.0504559990524695,0.04859264501520242,0.49765502866076083,0.6799984437614286,0.18234341510066776,0.490371280754531,0.5974872961347256,0.1071160153801946,0.13183949973944764,0.002217639964206513,-0.12962185977524113
R6_high_expansion_high_friction,a150_mu060_g020,R6,9,0.0012234767857231621,0.006466594867545471,0.005243118081822309,0.20534758475365503,0.2795776580376455,0.07423007328399048,0.0019071837253655435,0.05066213096829061,0.04875494724292506,0.4948228882833787,0.6702193580369314,0.17539646975355272,0.4904803909313025,0.5957559564631802,0.10527556553187772,0.005449591280653951,0.0009501383897219813,-0.00449945289093197
R6_high_expansion_high_friction,a150_mu060_g020,R6,10,0.0010509031668222055,0.005455324554708792,0.004404421387886586,0.20372654823384917,0.2583947608061066,0.05466821257225746,0.0018987341772151898,0.047818791946308725,0.04592005776909353,0.49605885444035736,0.6730079400266011,0.17694908558624378,0.4896482694843195,0.5904353037540175,0.10078703426969804,0.011035207566999475,0.0011688364032082545,-0.00986637116379122
R6_high_expansion_high_friction,a150_mu060_g020,R6,11,0.0011306589953470174,0.006560757313280849,0.0054300983179338316,0.21212029780518651,0.28302480848697187,0.07090451068178535,0.0026367831245880024,0.05183188334762897,0.049195100223040966,0.4966517857142857,0.6668784413384159,0.1702266556241302,0.48981074968432126,0.5964202046759699,0.10660945499164864,0.04631696428571429,0.00021177467174925878,-0.04610518961396503
R6_high_expansion_high_friction,a150_mu060_g020,R6,12,0.001135195503213192,0.005153571005343981,0.0040183755021307895,0.19917169066673196,0.25538192643203284,0.056210235765300876,0.0017191977077363897,0.04476686507936508,0.04304766737162869,0.4981965734896303,0.6713703750367477,0.17317380154711737,0.48955986683077113,0.5865603424747668,0.09700047564399572,0.0040577096483318306,0.0005459661500986938,-0.0035117434982331365
R6_high_expansion_high_friction,a150_mu060_g020,R6,13,0.0011458086024809444,0.005685577185030661,0.004539768582549716,0.20424977059538288,0.3225711076988727,0.11832133710348983,0.0018714909544603868,0.047619047619047616,0.04574755666458723,0.4953475643130816,0.6227916600350151,0.1274440957219335,0.49051843788002203,0.5636789220313231,0.07316048415130105,0.01532567049808429,0.0006896917608361186,-0.014635978737248171
R6_high_expansion_high_friction,a150_mu060_g020,R6,14,0.0012642460538330302,0.0043627073432992965,0.0030984612894662663,0.1967711723583975,0.2426506669165247,0.045879494558127204,0.0019157088122605363,0.04234779250868838,0.04043208369642784,0.4982456140350877,0.6552911997060444,0.15704558567095672,0.49095494663789707,0.5738360559468965,0.08288110930899939,0.012280701754385965,0.0001377916590115745,-0.01214291009537439
R6_high_expansion_high_friction,a150_mu060_g020,R6,15,0.0012449723278615706,0.004072148345435182,0.002827176017573611,0.20498048846742375,0.3369837008125499,0.13200321234512616,0.0019206145966709346,0.035875112578805164,0.03395449798213423,0.4961154273029967,0.576163610719323,0.0800481834163263,0.49056815173842383,0.5404396165448864,0.04987146480646254,0.3751387347391787,0.0038787023977433005,-0.3712600323414354
R6_high_expansion_high_friction,a150_mu060_g020,R6,16,0.0014203458372510317,0.0039263428574404895,0.002505997020189458,0.18260478038867728,0.22933154400714098,0.0467267636184637,0.004149377593360996,0.03528028224225794,0.031130904648896944,0.5213950037101163,0.646773574034953,0.12537857032483668,0.5031031771928943,0.5673895965549486,0.06428641936205426,0.029433588919119465,4.801229114653351e-05,-0.02938557662797293
R6_high_expansion_high_friction,a150_mu060_g020,R6,17,0.0012774616857766895,0.0042273991352813275,0.002949937449504638,0.20203141306778663,0.35808672500915195,0.15605531194136532,0.0018679950186799503,0.030766778256017854,0.028898783237337904,0.4946004319654428,0.5707180603046317,0.07611762833918889,0.4899859371247945,0.5393403465192169,0.04935440939442243,0.3250539956803456,0.0013211066210755361,-0.32373288905927006
R6_high_expansion_high_friction,a150_mu060_g020,R6,18,0.0013064785874022304,0.0037504196873131886,0.0024439410999109582,0.18725279907649006,0.23014917427118692,0.042896375194696856,0.0034628703347441324,0.031093686629714748,0.027630816294970616,0.5110526315789473,0.6478202648415414,0.1367676332625941,0.49632880212183084,0.5652961895530728,0.06896738743124198,0.017894736842105262,0.0006447453255963894,-0.017249991516508873
R6_high_expansion_high_friction,a150_mu060_g020,R6,19,0.0011554771577508716,0.003333339385284114,0.0021778622275332423,0.2008125668053944,0.3518401157231279,0.1510275489177335,0.0012845215157353885,0.03118538938662991,0.02990086787089452,0.4961453744493392,0.5575086999196931,0.06136332547035389,0.48919520522192605,0.5311970135725095,0.042001808350583425,0.1013215859030837,0.0014276791291157312,-0.09989390677396796
R6_high_expansion_high_friction,a150_mu060_g020,R6,20,0.0013827322655285456,0.0034690890870665257,0.00208635682153798,0.1828884103685073,0.21791733181253292,0.03502892144402561,0.0022497187851518562,0.013685764121830136,0.01143604533667828,0.5129611166500498,0.6483300589390962,0.1353689422890464,0.49768269376347546,0.5681412619786992,0.07045856821522373,0.02567298105682951,0.0010314341846758349,-0.024641546872153676
R6_high_expansion_high_friction,a150_mu060_g020,R6,21,0.0011463290132149118,0.002306053156852235,0.0011597241436373232,0.1906660005134848,0.3039809168623694,0.11331491634888458,0.001786777843954735,0.013139453398738612,0.011352675554783878,0.49657198824681686,0.5462281288842146,0.049656140637397705,0.49106156677232016,0.5213675630709768,0.0303059962986566,0.034769833496571985,0.0035376230997227268,-0.031232210396849258
R6_high_expansion_high_friction,a150_mu060_g020,R6,22,0.0013112766321925035,0.003263068442770905,0.0019517918105784015,0.17427858533103788,0.2162509088105385,0.04197232347950061,0.002866356144750985,0.010767343600926809,0.007900987456175824,0.5095111967252588,0.6412084530160033,0.13169725629074447,0.4972174080977942,0.563898897541831,0.06668148944403679,0.009872381411028173,0.0024620434961017644,-0.007410337914926408
R6_high_expansion_high_friction,a150_mu060_g020,R6,23,0.0011536919600719276,0.0030247456438069584,0.0018710536837350307,0.19653376135148942,0.349902902485607,0.1533691411341176,0.001218769043266301,0.03804636347549106,0.03682759443222476,0.49752720079129575,0.5586034912718204,0.06107629048052465,0.4904666468165071,0.5331340798740144,0.04266743305750731,0.040553907022749754,0.0010159785720882978,-0.03953792845066145
R6_high_expansion_high_friction,a150_mu060_g020,R6,24,0.0012918712602269249,0.004055432755524403,0.002763561495297478,0.18210408200914827,0.24364843076349438,0.06154434875434611,0.002366863905325444,0.023178807947019868,0.020811944041694425,0.5052197802197802,0.644004117344313,0.13878433712453275,0.495308090484856,0.5662155626172157,0.0709074721323597,0.004395604395604396,0.00046320123520329385,-0.003932403160401101
R6_high_expansion_high_friction,a150_mu060_g020,R6,25,0.001264723672745581,0.0020608576248066527,0.0007961339520610718,0.2064840417566197,0.2834756794905255,0.0769916377339058,0.0025220680958385876,0.011806596701649175,0.009284528605810588,0.49710068529256723,0.5458316051430941,0.04873091985052691,0.49011477323902936,0.5240943730922585,0.033979599853229125,0.11280969952556669,0.0013479883865615927,-0.11146171113900509
R6_high_expansion_high_friction,a150_mu060_g020,R6,26,0.001519093727180284,0.003974254160884691,0.002455160433704407,0.17780450008914883,0.24908404680024773,0.0712795467110989,0.0032530904359141183,0.021552331314269615,0.018299240878355497,0.527604898614736,0.6384342020245531,0.11082930340981711,0.5054928262118671,0.5609245927785417,0.05543176656667459,0.0399518169042361,0.00016153349127719148,-0.039790283412958906
R6_high_expansion_high_friction,a150_mu060_g020,R6,27,0.0011338716578626,0.0019019704426310156,0.0007680987847684157,0.19073315304443916,0.28514861674052544,0.09441546369608628,0.0017942583732057417,0.017892644135188866,0.016098385761983126,0.4965686274509804,0.5501807876478061,0.05361216019682569,0.49017116787386766,0.5242144997886438,0.0340433319147761,0.012745098039215686,0.0005863383172090296,-0.012158759722006656
R6_high_expansion_high_friction,a150_mu060_g020,R6,28,0.0012984519868242375,0.004428699928979816,0.0031302479421555784,0.17963692889338234,0.2621343622851835,0.08249743339180116,0.0020920502092050207,0.040613462084635045,0.038521411875430026,0.5076632869606225,0.63765831385552,0.1299950268948975,0.4939481584000531,0.5610061453049922,0.06705798690493908,0.004715868898844612,0.0004892101973147795,-0.004226658701529833
R6_high_expansion_high_friction,a150_mu060_g020,R6,29,0.0012007275243516745,0.002265299986540419,0.0010645724621887445,0.19113088650854548,0.3009099557723656,0.10977906926382014,0.0017953321364452424,0.02133965619442798,0.01954432405798274,0.49857006673021925,0.540886922989679,0.042316856259459745,0.49061116224009926,0.5230798567864641,0.03246869454636481,0.10104861773117255,0.0015878416695020983,-0.09946077606167045
R6_high_expansion_high_friction,a150_mu060_g020,R6,30,0.0012764154965031285,0.004162152460700382,0.0028857369641972536,0.18211543526558158,0.26076406461124196,0.07864862934566039,0.002691272587466359,0.038434758390196354,0.03574348580272999,0.5035326086956522,0.6305236201166022,0.12699101142095004,0.49335161049476917,0.557718416897255,0.06436680640248582,0.03016304347826087,0.0004903830436440909,-0.029672660434616777
R6_closed_high_expansion_high_friction,a150_mu060_g000,R6c,1,0.0006948685092898472,0.0636854821734041,0.06299061366411425,0.1948682550432158,0.13865053546202452,-0.05621771958119129,0.0014150943396226414,0.027717893440098552,0.02630279910047591,0.4985708452429563,0.7962734219616874,0.29770257671873107,0.49111229181352384,0.7042378904175404,0.21312559860401653,0.022049816251531237,2.0935831675913327e-05,-0.022028880419855325
R6_closed_high_expansion_high_friction,a150_mu060_g000,R6c,2,0.0009194066306760898,0.03746204137580403,0.036542634745127936,0.1869075660264507,0.13714257017537068,-0.04976499585108002,0.0018083182640144665,0.011170321787251487,0.00936200352323702,0.5004878048780488,0.7930206873114991,0.2925328824334503,0.4918260650357001,0.699659731071098,0.20783366603539793,0.041951219512195125,0.0006159466462767087,-0.04133527286591841
R6_closed_high_expansion_high_friction,a150_mu060_g000,R6c,3,0.0010314719719575114,0.026667092722351644,0.025635620750394134,0.18026590066814038,0.14674350170190048,-0.0335223989662399,0.0020333468889792597,0.023581505509216352,0.021548158620237092,0.5051930758988016,0.7859208405995453,0.2807277647007437,0.4939486247145686,0.6889349190697637,0.1949862943551951,0.030093209054593874,0.002141233085362354,-0.02795197596923152
R6_closed_high_expansion_high_friction,a150_mu060_g000,R6c,4,0.0012390277063684502,0.01919357359087278,0.01795454588450433,0.16140456999385516,0.15564588006449406,-0.005758689929361099,0.0021779713752333543,0.021458333333333333,0.019280361958099977,0.5551663747810858,0.7777391223675666,0.22257274758648082,0.5133813807440266,0.6761010097026038,0.16271962895857717,0.017513134851138354,0.0014611745059838574,-0.016051960345154496
R6_closed_high_expansion_high_friction,a150_mu060_g000,R6c,5,0.0011795340254884543,0.01755171815566147,0.016372184130173016,0.1692730825803811,0.17416658267856244,0.004893500098181347,0.001392757660167131,0.030749789385004212,0.02935703172483708,0.5200161746866154,0.7665531872903099,0.24653701260369443,0.4985303037462212,0.6675660982855247,0.1690357945393035,0.011928831378892033,0.00012334714821393328,-0.0118054842306781
R6_closed_high_expansion_high_friction,a150_mu060_g000,R6c,6,0.0014224728593774435,0.012915605454129463,0.01149313259475202,0.16085814782801075,0.18099123087888025,0.0201330830508695,0.002697599136768276,0.028534923339011926,0.02583732420224365,0.5661473461843147,0.7526314394039822,0.18648409321966752,0.5203743348305846,0.6556496841053281,0.1352753492747435,0.01874834961711117,0.0011400694646976164,-0.01760828015241355
R6_closed_high_expansion_high_friction,a150_mu060_g000,R6c,7,0.0016597899961606716,0.01003142729178075,0.008371637295620078,0.15731198579306854,0.19835233134553668,0.04104034555246813,0.004159530217763641,0.049265341400172864,0.04510581118240922,0.5948173045646753,0.736872195066175,0.14205489050149966,0.5387712277774066,0.6374281981340263,0.09865697035661969,0.048682641223029385,0.0004287796929937398,-0.04825386153003564
R6_closed_high_expansion_high_friction,a150_mu060_g000,R6c,8,0.0012240459898289324,0.007989154948770411,0.006765108958941479,0.18102989245908238,0.21796271762861824,0.03693282516953586,0.0016611295681063123,0.042057622254111936,0.040396492686005626,0.5023201856148491,0.7098368599580036,0.20751667434315446,0.49147127600020457,0.6095726167715254,0.11810134077132084,0.029002320185614848,0.0006784041350347278,-0.02832391605058012
R6_closed_high_expansion_high_friction,a150_mu060_g000,R6c,9,0.00103770426566757,0.005726193046184953,0.004688488780517383,0.19831053827076564,0.23702811492936265,0.038717576658597014,0.0017271157167530224,0.010004653327128897,0.008277537610375875,0.4953995157384988,0.6684198131721485,0.17302029743364972,0.48976223191159796,0.5773735216189197,0.0876112897073218,0.07167070217917676,0.001609231493837821,-0.07006147068533894
R6_closed_high_expansion_high_friction,a150_mu060_g000,R6c,10,0.0011072563390724457,0.00543147806969847,0.004324221730626025,0.2106728832297757,0.24762980495348766,0.036956921723711955,0.0018773466833541927,0.009781427363844946,0.007904080680490753,0.496999454446263,0.6555280879720399,0.1585286335257769,0.4893959333873228,0.5713296238149927,0.08193369042766996,0.008183306055646482,0.009163754155655955,0.000980448100009473
R6_closed_high_expansion_high_friction,a150_mu060_g000,R6c,11,0.0010785990617168488,0.005432797704812221,0.004354198643095372,0.19689889464692362,0.24101273473872245,0.044113840091798834,0.0016891891891891893,0.013039355144618302,0.011350165955429113,0.4962013295346629,0.6665050113158746,0.1703036817812117,0.4901740860074787,0.5811138283941268,0.09093974238664815,0.01566951566951567,0.00044455221467830586,-0.015224963454837365
R6_closed_high_expansion_high_friction,a150_mu060_g000,R6c,12,0.0010474731688598572,0.005194635677531055,0.004147162508671198,0.19111924902104285,0.23908252016528136,0.04796327114423851,0.001594048884165781,0.02205097806757558,0.0204569291834098,0.49693251533742333,0.671697061400016,0.17476454606259262,0.4895106933587377,0.588503202263753,0.09899250890501526,0.004820333041191937,0.00019909213984231904,-0.004621240901349618
R6_closed_high_expansion_high_friction,a150_mu060_g000,R6c,13,0.0012581491821041827,0.008517199655296655,0.007259050473192473,0.1932172810438664,0.2609703676379635,0.0677530865940971,0.0018779342723004694,0.043356643356643354,0.04147870908434288,0.49682717431877566,0.6921390198443154,0.1953118455255397,0.49043260179445225,0.6054906380038084,0.11505803620935617,0.16386711459499814,0.00025581990278843696,-0.1636112946922097
R6_closed_high_expansion_high_friction,a150_mu060_g000,R6c,14,0.0012553174275880064,0.009136071131682697,0.00788075370409469,0.18707778557660415,0.24336318273691804,0.05628539716031389,0.001195219123505976,0.05090162063455832,0.049706401511052344,0.4972099853157122,0.70221133611619,0.20500135080047782,0.49030793061407146,0.6165260847518961,0.1262181541378246,0.009397944199706314,0.0014834236036844102,-0.007914520596021903
R6_closed_high_expansion_high_friction,a150_mu060_g000,R6c,15,0.0013295049172299459,0.007134607048096301,0.0058051021308663546,0.19772233577607906,0.232528302446273,0.03480596667019395,0.0015026296018031556,0.044346412816345486,0.04284378321454233,0.5004026845637584,0.6924557072320651,0.1920530226683067,0.49094317022409345,0.6099502815705219,0.11900711134642844,0.08671140939597316,0.0005445832123148417,-0.08616682618365831
R6_closed_high_expansion_high_friction,a150_mu060_g000,R6c,16,0.0013241181621313637,0.007871025914441492,0.006546907752310128,0.19161144137378802,0.24850975054163535,0.05689830916784733,0.001554605518849592,0.052637735407650016,0.05108312988880043,0.5001436368859523,0.6908890115958034,0.1907453747098511,0.4913942812808733,0.6071776630683725,0.1157833817874992,0.02585463947141626,0.00040493281796429226,-0.025449706653451965
R6_closed_high_expansion_high_friction,a150_mu060_g000,R6c,17,0.0014174699474552984,0.008636539659930054,0.007219069712474755,0.19748347229119662,0.2514196087779032,0.05393613648670659,0.001503194287861706,0.05252222093962831,0.0510190266517666,0.4993248717256279,0.6953507486688346,0.19602587694320672,0.49047595170972996,0.6115309176386089,0.12105496592887893,0.022954361328652445,0.0006789836686559697,-0.022275377659996477
R6_closed_high_expansion_high_friction,a150_mu060_g000,R6c,18,0.0014078817006247003,0.007564437740637158,0.006156556040012457,0.1947588234969332,0.23677735769413308,0.04201853419719989,0.001886080724254998,0.044091916481978306,0.04220583575772331,0.49905634942032895,0.6949005110362074,0.19584416161587848,0.4906908195716343,0.6107848842673052,0.12009406469567085,0.02830951739013211,0.00025370591859664386,-0.028055811471535467
R6_closed_high_expansion_high_friction,a150_mu060_g000,R6c,19,0.0012580318657283026,0.0071826455059967875,0.0059246136402684845,0.1907330350613404,0.2519155593617717,0.06118252430043128,0.001604492579221821,0.045459926601160175,0.04385543402193835,0.49590785086389816,0.6840413318025258,0.18813348093862764,0.48932336551167127,0.6044496519748651,0.11512628646319384,0.09760533494998484,0.0002296211251435132,-0.09737571382484132
R6_closed_high_expansion_high_friction,a150_mu060_g000,R6c,20,0.0012852051190627234,0.008644293540052087,0.007359088420989364,0.19194838626405974,0.26114982300993905,0.06920143674587931,0.0019127773527161439,0.053997439776562316,0.05208466242384617,0.49986161084970937,0.691872352855265,0.19201074200555568,0.49117248388301243,0.6069304518344979,0.11575796795148546,0.06642679213949626,0.0001460493646852636,-0.066280742774811
R6_closed_high_expansion_high_friction,a150_mu060_g000,R6c,21,0.0012679741426959536,0.006851068126216421,0.005583093983520467,0.19087690924203993,0.25774789630014644,0.06687098705810651,0.0012406947890818859,0.04261831881327996,0.041377624024198076,0.4980976537729867,0.6818390628588928,0.18374140908590614,0.4895759180331932,0.5998481576926394,0.11027223965944621,0.10082435003170577,0.0001914095398514662,-0.1006329404918543
R6_closed_high_expansion_high_friction,a150_mu060_g000,R6c,22,0.0014719520630676597,0.008447026163500211,0.0069750741004325515,0.19307437697035548,0.25601639686870453,0.06294201989834905,0.0016260162601626016,0.05616662766206412,0.05454061140190152,0.49742658189524674,0.6928702682837192,0.19544368638847248,0.49075255834548664,0.6113702032200274,0.1206176448745408,0.0420829548894944,0.00260933480338111,-0.03947362008611329
R6_closed_high_expansion_high_friction,a150_mu060_g000,R6c,23,0.0013613510990412184,0.007901703323239901,0.006540352224198683,0.19100928379149276,0.2665261611789725,0.07551687738747973,0.001276595744680851,0.04544403330249769,0.04416743755781684,0.4980481457384515,0.6876611418047882,0.1896129960663367,0.4904715393549922,0.6011387991030108,0.11066725974801861,0.05107351984385166,0.00033149171270718233,-0.05074202813114448
R6_closed_high_expansion_high_friction,a150_mu060_g000,R6c,24,0.0014427702512502636,0.008123529563039586,0.006680759311789323,0.19504399258008065,0.2523091295722848,0.057265136992204146,0.0024650780608052587,0.05269307162051642,0.05022799355971116,0.4970724191063174,0.693783576362241,0.19671115725592359,0.489900519235119,0.6097271749709097,0.11982665573579065,0.1300462249614792,0.0003289113035851332,-0.12971731365789405
R6_closed_high_expansion_high_friction,a150_mu060_g000,R6c,25,0.0013117935676373632,0.0072498171040634935,0.00593802353642613,0.18702083013091897,0.24760227363551554,0.06058144350459657,0.001678556441460344,0.04638991316759843,0.04471135672613809,0.49619530754597335,0.6871857382294683,0.19099043068349492,0.4900138184901802,0.6062461815856036,0.1162323630954234,0.15440710209258085,0.0011046777388389456,-0.15330242435374192
R6_closed_high_expansion_high_friction,a150_mu060_g000,R6c,26,0.001427989598791789,0.007960815285816818,0.006532825687025029,0.1953687719911662,0.25742567108756,0.06205689909639378,0.001918649270913277,0.04652278177458034,0.04460413250366706,0.49607900087133316,0.6867654965819188,0.1906864957105856,0.4897511103338729,0.6054558420827945,0.11570473174892154,0.3749636944525123,0.00026883785236961365,-0.3746948566001427
R6_closed_high_expansion_high_friction,a150_mu060_g000,R6c,27,0.0013447639218712119,0.006616106805880133,0.005271342884008921,0.1943214271682529,0.257252538418105,0.06293111124985212,0.002061005770816158,0.04599070654116526,0.0439297007703491,0.49794368870610567,0.6790582889376371,0.18111460023153142,0.49043068169067366,0.5998943159000697,0.10946363420939603,0.01834862385321101,0.0007442807897210905,-0.01760434306348992
R6_closed_high_expansion_high_friction,a150_mu060_g000,R6c,28,0.001418397894714571,0.006728970503701884,0.005310572608987313,0.2004708823836136,0.25685796191595806,0.05638707953234445,0.0017086715079026058,0.04997039668442865,0.04826172517652605,0.5001572821642026,0.6798838334946757,0.1797265513304731,0.4900429906031343,0.5989170638341482,0.10887407323101395,0.3315508021390374,0.00011616650532429817,-0.3314346356337131
R6_closed_high_expansion_high_friction,a150_mu060_g000,R6c,29,0.0013133764485373058,0.006707405224394965,0.005394028775857659,0.1920283452790305,0.2589450680867845,0.06691672280775401,0.0013458950201884253,0.04352007694157249,0.042174181921384064,0.4977792962077212,0.674893175192684,0.17711387898496278,0.4897980702809482,0.5928350002062944,0.10303692992534624,0.13221728732490604,0.0005191485963020646,-0.13169813872860398
R6_closed_high_expansion_high_friction,a150_mu060_g000,R6c,30,0.0013063488390025956,0.007506832523902381,0.006200483684899786,0.18959503138026818,0.25097978215416006,0.06138475077389188,0.001287001287001287,0.053634026641738726,0.05234702535473744,0.4976958525345622,0.6891811782141534,0.19148532567959115,0.48965913507387826,0.6070250220332792,0.11736588695940098,0.10467412771560237,0.00011115227862171174,-0.10456297543698066
