model,left_out_route,cycle,observed,predicted
loop only,R1,1,0.2426924129141688,-1.5639410522101809
loop only,R1,2,-0.3358065483776062,-1.4106249847447416
loop only,R1,3,-0.3108989268529668,-1.148912437264796
loop only,R1,4,-0.3604737017647273,-1.2277459215065725
loop only,R1,5,-0.2948791452306223,-0.9589893314430089
loop only,R1,6,-0.3291707193658112,-1.062367024287826
loop only,R1,7,-0.3263837809456625,-1.2165246495349442
loop only,R1,8,-0.3365614070135928,-1.066791797497459
loop only,R1,9,-0.30492126714158,-0.9671230123393646
loop only,R1,10,-0.2674615800896942,-0.8961275616172788
loop only,R1,11,-0.2806883735732618,-0.8756718088947322
loop only,R1,12,-0.280781398831636,-0.8427444232548258
loop only,R1,13,-0.2472440285677954,-0.8245973504597117
loop only,R1,14,-0.2358279216023111,-0.8909761928106674
loop only,R1,15,-0.2561498925856866,-0.9328035294492398
loop only,R1,16,-0.225841608599821,-0.8777320156115191
loop only,R1,17,-0.2188352152904842,-0.8196921169740723
loop only,R1,18,-0.2073738857237675,-0.7301671640924621
loop only,R1,19,-0.1866182248605182,-0.8297973163004775
loop only,R1,20,-0.2015138375104815,-0.8448787827775546
loop only,R1,21,-0.1953831664918539,-0.8404536060776344
loop only,R1,22,-0.2064037092306254,-0.8067733546000679
loop only,R1,23,-0.2249653820194092,-0.9220538831052554
loop only,R1,24,-0.23063559531797,-0.7895492327963369
loop only,R1,25,-0.2190679256514783,-0.8426401076763128
loop only,R1,26,-0.1961183709620858,-0.8473935378255038
loop only,R1,27,-0.1907165599936395,-0.7595788928714509
loop only,R1,28,-0.1894451335245748,-0.7898839192457394
loop only,R1,29,-0.1835118732922154,-0.8349070021279139
loop only,R1,30,-0.1925962080266283,-0.8143160846319804
loop only,R3,1,-0.0755608043551785,-0.9546680233170727
loop only,R3,2,0.0470277350035361,0.3890081270721649
loop only,R3,3,0.7468958400065009,1.2666178671729544
loop only,R3,4,0.189904571897606,0.7333594236640432
loop only,R3,5,0.780228511074184,1.395951065251547
loop only,R3,6,-0.0272193312589265,0.34524280303980437
loop only,R3,7,0.7960574760262535,1.3507492665441687
loop only,R3,8,-0.0519251011277359,0.26395721213944956
loop only,R3,9,0.777609588607892,1.252837737706724
loop only,R3,10,-0.0652087426134581,0.237161937791602
loop only,R3,11,0.7605084058259138,1.2528078037741852
loop only,R3,12,-0.0030675470730787,0.4005152053633608
loop only,R3,13,0.8509677587454352,1.3257735399986377
loop only,R3,14,0.0062389835732397,0.4670840698298391
loop only,R3,15,0.7597616915697145,1.2295289792826525
loop only,R3,16,0.0072117078175871,0.46025194650001633
loop only,R3,17,0.7136084429902004,1.2574738287195784
loop only,R3,18,0.020260083148826,0.4846303338238862
loop only,R3,19,0.7906955206932408,1.3010487151178676
loop only,R3,20,0.0336436801673072,0.4583068733687017
loop only,R3,21,0.5751423004796097,1.1267120514552325
loop only,R3,22,0.1269799850578495,0.502026372466065
loop only,R3,23,0.5544592557489686,1.1793628716817346
loop only,R3,24,0.2029755248466958,0.4448748700115235
loop only,R3,25,0.7079162826564238,1.250640221501371
loop only,R3,26,0.1500122825633834,0.4643715035228211
loop only,R3,27,0.6112066522451491,1.238516382646189
loop only,R3,28,0.1149363430059798,0.5240953125628718
loop only,R3,29,0.6009419127901608,1.219242728824611
loop only,R3,30,0.0775680693816034,0.4652599278611667
loop only,R5,1,2.9750219287554,2.5004436990323784
loop only,R5,2,2.2201441769691663,2.1676349843418947
loop only,R5,3,1.3226571428387692,1.2262049980234928
loop only,R5,4,1.0015526887776265,1.4867898584040047
loop only,R5,5,0.8206759358878508,1.1806580259221438
loop only,R5,6,1.0952559646619258,1.298800673924764
loop only,R5,7,0.9356332875334834,1.430807743544699
loop only,R5,8,1.1907380734312836,1.6317070092849364
loop only,R5,9,0.9546944057688772,1.392657401698064
loop only,R5,10,1.0484834842658932,1.561705525319843
loop only,R5,11,0.7643307776233655,1.3415210174944696
loop only,R5,12,0.8587869359058276,1.2872482140519361
loop only,R5,13,0.5921336789255349,1.1376794699422297
loop only,R5,14,0.7217206324999331,1.0359094556925237
loop only,R5,15,0.5703075049787194,1.1835323872614945
loop only,R5,16,0.6808093292651544,1.2362313364968995
loop only,R5,17,0.5755228847821717,1.2144068231471405
loop only,R5,18,0.5715205198078153,0.8791131099298128
loop only,R5,19,0.6301379742645613,1.1126009976909392
loop only,R5,20,0.6091489780350974,0.8378523440631852
loop only,R5,21,0.9385234846667032,1.2174543937101512
loop only,R5,22,0.6257001032898761,0.8992647760235835
loop only,R5,23,1.0483121706138765,1.2137236324754461
loop only,R5,24,0.3130685484843724,0.5410229437904837
loop only,R5,25,0.983987845804077,1.077421750558415
loop only,R5,26,0.0189929793685888,0.26759227260710183
loop only,R5,27,0.6515680182201152,1.0020218606846156
loop only,R5,28,-0.0887256183021042,0.2844175887829531
loop only,R5,29,0.6470214278426281,1.085617830520358
loop only,R5,30,-0.0159035204146659,0.23376306470297936
loop only,R6,1,3.4038751148866795,2.3889693940394325
loop only,R6,2,2.930514099308087,2.1275398402992636
loop only,R6,3,2.372297530291921,1.8170203904213222
loop only,R6,4,1.8177489722865603,1.2060805148845626
loop only,R6,5,1.6512405953991796,1.1181990999818445
loop only,R6,6,1.454762619297591,0.9090132719241184
loop only,R6,7,1.4505848438274038,1.243591433753473
loop only,R6,8,1.47843499128703,1.3479632806061688
loop only,R6,9,1.5246772578714796,1.3271462942336105
loop only,R6,10,1.3687436233122954,1.2763773508673761
loop only,R6,11,1.5566420775791237,1.3422336701444202
loop only,R6,12,1.289044859608663,1.2335482896016086
loop only,R6,13,1.3954211322908936,0.9638985740827781
loop only,R6,14,1.0741798559541669,1.073846759644914
loop only,R6,15,1.002975323599376,0.7004808021858132
loop only,R6,16,0.9133687743391318,0.8635256756004394
loop only,R6,17,1.0356853756829925,0.6946324844627634
loop only,R6,18,0.895355167548207,0.9164712359457932
loop only,R6,19,0.815419541484226,0.6114685797943336
loop only,R6,20,0.7868909264460082,0.9333377048080431
loop only,R6,21,0.4668192686345997,0.4791794221606079
loop only,R6,22,0.743946564335871,0.8906158684158245
loop only,R6,23,0.7176068203733688,0.6189973372152133
loop only,R6,24,0.9856975723924224,0.9384151736313061
loop only,R6,25,0.326404676692637,0.5207308695981199
loop only,R6,26,0.8986292067721726,0.7633723425749723
loop only,R6,27,0.3152828642087723,0.52145173110811
loop only,R6,28,1.0822689547158666,0.8948743612620562
loop only,R6,29,0.4308027710233856,0.5036413003213568
loop only,R6,30,1.0186817509993162,0.8644349184829472
loop only,R6c,1,3.8842981225656,2.3399849168918356
loop only,R6c,2,3.3406241536213845,2.2856374714779055
loop only,R6c,3,2.9874174786021053,2.1536966687468238
loop only,R6c,4,2.633901096592984,1.8223222958511385
loop only,R6c,5,2.542679192399663,1.8871884784173076
loop only,R6c,6,2.195114575187837,1.5404731844534238
loop only,R6c,7,1.8888785849294447,1.164407291021444
loop only,R6c,8,1.6874861180462877,1.3640983955505903
loop only,R6c,9,1.3548718296999107,1.050969616152484
loop only,R6c,10,1.2847809639269612,0.9926614247815579
loop only,R6c,11,1.290712068663024,1.0851523835927268
loop only,R6c,12,1.2491216045660816,1.167853227398513
loop only,R6c,13,1.7535791749570409,1.3328440614458539
loop only,R6c,14,1.831313160045602,1.4474569919898257
loop only,R6c,15,1.5460923637193849,1.3734005391909152
loop only,R6c,16,1.656935500780594,1.3402932643038294
loop only,R6c,17,1.7483794050379629,1.3944317340695846
loop only,R6c,18,1.6000214842207403,1.3845634058845966
loop only,R6c,19,1.564731731247691,1.3335449824981982
loop only,R6c,20,1.7664792713982311,1.34003226757955
loop only,R6c,21,1.5106029826887957,1.2836945657964227
loop only,R6c,22,1.7160830366757227,1.3899405048596842
loop only,R6c,23,1.6560040700768948,1.2877513696998593
loop only,R6c,24,1.6757791336099093,1.38181715134302
loop only,R6c,25,1.5668034732221927,1.344904242771126
loop only,R6c,26,1.6549336797125744,1.3394855388419156
loop only,R6c,27,1.4587589485500423,1.2753902950998137
loop only,R6c,28,1.4654176061312671,1.2693355820672236
loop only,R6c,29,1.4794517942719871,1.2093888947153715
loop only,R6c,30,1.6065778483861053,1.3565453824727576
route severity,R1,1,0.2426924129141688,-0.14320359796996285
route severity,R1,2,-0.3358065483776062,-0.14320359796996285
route severity,R1,3,-0.3108989268529668,-0.14320359796996285
route severity,R1,4,-0.3604737017647273,-0.14320359796996285
route severity,R1,5,-0.2948791452306223,-0.14320359796996285
route severity,R1,6,-0.3291707193658112,-0.14320359796996285
route severity,R1,7,-0.3263837809456625,-0.14320359796996285
route severity,R1,8,-0.3365614070135928,-0.14320359796996285
route severity,R1,9,-0.30492126714158,-0.14320359796996285
route severity,R1,10,-0.2674615800896942,-0.14320359796996285
route severity,R1,11,-0.2806883735732618,-0.14320359796996285
route severity,R1,12,-0.280781398831636,-0.14320359796996285
route severity,R1,13,-0.2472440285677954,-0.14320359796996285
route severity,R1,14,-0.2358279216023111,-0.14320359796996285
route severity,R1,15,-0.2561498925856866,-0.14320359796996285
route severity,R1,16,-0.225841608599821,-0.14320359796996285
route severity,R1,17,-0.2188352152904842,-0.14320359796996285
route severity,R1,18,-0.2073738857237675,-0.14320359796996285
route severity,R1,19,-0.1866182248605182,-0.14320359796996285
route severity,R1,20,-0.2015138375104815,-0.14320359796996285
route severity,R1,21,-0.1953831664918539,-0.14320359796996285
route severity,R1,22,-0.2064037092306254,-0.14320359796996285
route severity,R1,23,-0.2249653820194092,-0.14320359796996285
route severity,R1,24,-0.23063559531797,-0.14320359796996285
route severity,R1,25,-0.2190679256514783,-0.14320359796996285
route severity,R1,26,-0.1961183709620858,-0.14320359796996285
route severity,R1,27,-0.1907165599936395,-0.14320359796996285
route severity,R1,28,-0.1894451335245748,-0.14320359796996285
route severity,R1,29,-0.1835118732922154,-0.14320359796996285
route severity,R1,30,-0.1925962080266283,-0.14320359796996285
route severity,R3,1,-0.0755608043551785,0.37088244949147087
route severity,R3,2,0.0470277350035361,0.37088244949147087
route severity,R3,3,0.7468958400065009,0.37088244949147087
route severity,R3,4,0.189904571897606,0.37088244949147087
route severity,R3,5,0.780228511074184,0.37088244949147087
route severity,R3,6,-0.0272193312589265,0.37088244949147087
route severity,R3,7,0.7960574760262535,0.37088244949147087
route severity,R3,8,-0.0519251011277359,0.37088244949147087
route severity,R3,9,0.777609588607892,0.37088244949147087
route severity,R3,10,-0.0652087426134581,0.37088244949147087
route severity,R3,11,0.7605084058259138,0.37088244949147087
route severity,R3,12,-0.0030675470730787,0.37088244949147087
route severity,R3,13,0.8509677587454352,0.37088244949147087
route severity,R3,14,0.0062389835732397,0.37088244949147087
route severity,R3,15,0.7597616915697145,0.37088244949147087
route severity,R3,16,0.0072117078175871,0.37088244949147087
route severity,R3,17,0.7136084429902004,0.37088244949147087
route severity,R3,18,0.020260083148826,0.37088244949147087
route severity,R3,19,0.7906955206932408,0.37088244949147087
route severity,R3,20,0.0336436801673072,0.37088244949147087
route severity,R3,21,0.5751423004796097,0.37088244949147087
route severity,R3,22,0.1269799850578495,0.37088244949147087
route severity,R3,23,0.5544592557489686,0.37088244949147087
route severity,R3,24,0.2029755248466958,0.37088244949147087
route severity,R3,25,0.7079162826564238,0.37088244949147087
route severity,R3,26,0.1500122825633834,0.37088244949147087
route severity,R3,27,0.6112066522451491,0.37088244949147087
route severity,R3,28,0.1149363430059798,0.37088244949147087
route severity,R3,29,0.6009419127901608,0.37088244949147087
route severity,R3,30,0.0775680693816034,0.37088244949147087
route severity,R5,1,2.9750219287554,0.6722083227398981
route severity,R5,2,2.2201441769691663,0.6722083227398981
route severity,R5,3,1.3226571428387692,0.6722083227398981
route severity,R5,4,1.0015526887776265,0.6722083227398981
route severity,R5,5,0.8206759358878508,0.6722083227398981
route severity,R5,6,1.0952559646619258,0.6722083227398981
route severity,R5,7,0.9356332875334834,0.6722083227398981
route severity,R5,8,1.1907380734312836,0.6722083227398981
route severity,R5,9,0.9546944057688772,0.6722083227398981
route severity,R5,10,1.0484834842658932,0.6722083227398981
route severity,R5,11,0.7643307776233655,0.6722083227398981
route severity,R5,12,0.8587869359058276,0.6722083227398981
route severity,R5,13,0.5921336789255349,0.6722083227398981
route severity,R5,14,0.7217206324999331,0.6722083227398981
route severity,R5,15,0.5703075049787194,0.6722083227398981
route severity,R5,16,0.6808093292651544,0.6722083227398981
route severity,R5,17,0.5755228847821717,0.6722083227398981
route severity,R5,18,0.5715205198078153,0.6722083227398981
route severity,R5,19,0.6301379742645613,0.6722083227398981
route severity,R5,20,0.6091489780350974,0.6722083227398981
route severity,R5,21,0.9385234846667032,0.6722083227398981
route severity,R5,22,0.6257001032898761,0.6722083227398981
route severity,R5,23,1.0483121706138765,0.6722083227398981
route severity,R5,24,0.3130685484843724,0.6722083227398981
route severity,R5,25,0.983987845804077,0.6722083227398981
route severity,R5,26,0.0189929793685888,0.6722083227398981
route severity,R5,27,0.6515680182201152,0.6722083227398981
route severity,R5,28,-0.0887256183021042,0.6722083227398981
route severity,R5,29,0.6470214278426281,0.6722083227398981
route severity,R5,30,-0.0159035204146659,0.6722083227398981
route severity,R6,1,3.4038751148866795,1.514687811196164
route severity,R6,2,2.930514099308087,1.514687811196164
route severity,R6,3,2.372297530291921,1.514687811196164
route severity,R6,4,1.8177489722865603,1.514687811196164
route severity,R6,5,1.6512405953991796,1.514687811196164
route severity,R6,6,1.454762619297591,1.514687811196164
route severity,R6,7,1.4505848438274038,1.514687811196164
route severity,R6,8,1.47843499128703,1.514687811196164
route severity,R6,9,1.5246772578714796,1.514687811196164
route severity,R6,10,1.3687436233122954,1.514687811196164
route severity,R6,11,1.5566420775791237,1.514687811196164
route severity,R6,12,1.289044859608663,1.514687811196164
route severity,R6,13,1.3954211322908936,1.514687811196164
route severity,R6,14,1.0741798559541669,1.514687811196164
route severity,R6,15,1.002975323599376,1.514687811196164
route severity,R6,16,0.9133687743391318,1.514687811196164
route severity,R6,17,1.0356853756829925,1.514687811196164
route severity,R6,18,0.895355167548207,1.514687811196164
route severity,R6,19,0.815419541484226,1.514687811196164
route severity,R6,20,0.7868909264460082,1.514687811196164
route severity,R6,21,0.4668192686345997,1.514687811196164
route severity,R6,22,0.743946564335871,1.514687811196164
route severity,R6,23,0.7176068203733688,1.514687811196164
route severity,R6,24,0.9856975723924224,1.514687811196164
route severity,R6,25,0.326404676692637,1.514687811196164
route severity,R6,26,0.8986292067721726,1.514687811196164
route severity,R6,27,0.3152828642087723,1.514687811196164
route severity,R6,28,1.0822689547158666,1.514687811196164
route severity,R6,29,0.4308027710233856,1.514687811196164
route severity,R6,30,1.0186817509993162,1.514687811196164
route severity,R6c,1,3.8842981225656,1.652583515828384
route severity,R6c,2,3.3406241536213845,1.652583515828384
route severity,R6c,3,2.9874174786021053,1.652583515828384
route severity,R6c,4,2.633901096592984,1.652583515828384
route severity,R6c,5,2.542679192399663,1.652583515828384
route severity,R6c,6,2.195114575187837,1.652583515828384
route severity,R6c,7,1.8888785849294447,1.652583515828384
route severity,R6c,8,1.6874861180462877,1.652583515828384
route severity,R6c,9,1.3548718296999107,1.652583515828384
route severity,R6c,10,1.2847809639269612,1.652583515828384
route severity,R6c,11,1.290712068663024,1.652583515828384
route severity,R6c,12,1.2491216045660816,1.652583515828384
route severity,R6c,13,1.7535791749570409,1.652583515828384
route severity,R6c,14,1.831313160045602,1.652583515828384
route severity,R6c,15,1.5460923637193849,1.652583515828384
route severity,R6c,16,1.656935500780594,1.652583515828384
route severity,R6c,17,1.7483794050379629,1.652583515828384
route severity,R6c,18,1.6000214842207403,1.652583515828384
route severity,R6c,19,1.564731731247691,1.652583515828384
route severity,R6c,20,1.7664792713982311,1.652583515828384
route severity,R6c,21,1.5106029826887957,1.652583515828384
route severity,R6c,22,1.7160830366757227,1.652583515828384
route severity,R6c,23,1.6560040700768948,1.652583515828384
route severity,R6c,24,1.6757791336099093,1.652583515828384
route severity,R6c,25,1.5668034732221927,1.652583515828384
route severity,R6c,26,1.6549336797125744,1.652583515828384
route severity,R6c,27,1.4587589485500423,1.652583515828384
route severity,R6c,28,1.4654176061312671,1.652583515828384
route severity,R6c,29,1.4794517942719871,1.652583515828384
route severity,R6c,30,1.6065778483861053,1.652583515828384
loop + severity,R1,1,0.2426924129141688,-1.632869339250154
loop + severity,R1,2,-0.3358065483776062,-1.5046520626980393
loop + severity,R1,3,-0.3108989268529668,-1.2857834820454674
loop + severity,R1,4,-0.3604737017647273,-1.3517114360929003
loop + severity,R1,5,-0.2948791452306223,-1.1269519663057488
loop + severity,R1,6,-0.3291707193658112,-1.2134060898162637
loop + severity,R1,7,-0.3263837809456625,-1.3423271559229364
loop + severity,R1,8,-0.3365614070135928,-1.2171065002147223
loop + severity,R1,9,-0.30492126714158,-1.1337541132047342
loop + severity,R1,10,-0.2674615800896942,-1.0743810579884072
loop + severity,R1,11,-0.2806883735732618,-1.057274038826833
loop + severity,R1,12,-0.280781398831636,-1.029737070389512
loop + severity,R1,13,-0.2472440285677954,-1.0145607859357835
loop + severity,R1,14,-0.2358279216023111,-1.0700730001976075
loop + severity,R1,15,-0.2561498925856866,-1.105052942469054
loop + severity,R1,16,-0.225841608599821,-1.0589969769293273
loop + severity,R1,17,-0.2188352152904842,-1.0104585695876982
loop + severity,R1,18,-0.2073738857237675,-0.9355894066115211
loop + severity,R1,19,-0.1866182248605182,-1.0189094851249099
loop + severity,R1,20,-0.2015138375104815,-1.031522022023815
loop + severity,R1,21,-0.1953831664918539,-1.027821274188931
loop + severity,R1,22,-0.2064037092306254,-0.9996546887198812
loop + severity,R1,23,-0.2249653820194092,-1.0960630798870725
loop + severity,R1,24,-0.23063559531797,-0.9852502624572903
loop + severity,R1,25,-0.2190679256514783,-1.0296498319180327
loop + severity,R1,26,-0.1961183709620858,-1.0336250960771358
loop + severity,R1,27,-0.1907165599936395,-0.9601862530156433
loop + severity,R1,28,-0.1894451335245748,-0.9855301586596306
loop + severity,R1,29,-0.1835118732922154,-1.02318268369869
loop + severity,R1,30,-0.1925962080266283,-1.0059626270752506
loop + severity,R3,1,-0.0755608043551785,-0.9063464433076155
loop + severity,R3,2,0.0470277350035361,0.3782156911797625
loop + severity,R3,3,0.7468958400065009,1.2172156545743744
loop + severity,R3,4,0.189904571897606,0.7074175129397317
loop + severity,R3,5,0.780228511074184,1.3408589364290007
loop + severity,R3,6,-0.0272193312589265,0.33637578947483515
loop + severity,R3,7,0.7960574760262535,1.2976457566658572
loop + severity,R3,8,-0.0519251011277359,0.25866629666305896
loop + severity,R3,9,0.777609588607892,1.2040417714809477
loop + severity,R3,10,-0.0652087426134581,0.23304986014264073
loop + severity,R3,11,0.7605084058259138,1.2040131544691293
loop + severity,R3,12,-0.0030675470730787,0.38921652426530184
loop + severity,R3,13,0.8509677587454352,1.2737688183184686
loop + severity,R3,14,0.0062389835732397,0.45285674189117026
loop + severity,R3,15,0.7597616915697145,1.181758464253382
loop + severity,R3,16,0.0072117078175871,0.4463251926595375
loop + severity,R3,17,0.7136084429902004,1.2084739011763543
loop + severity,R3,18,0.020260083148826,0.4696310712725044
loop + severity,R3,19,0.7906955206932408,1.2501317434068775
loop + severity,R3,20,0.0336436801673072,0.44446569154941373
loop + severity,R3,21,0.5751423004796097,1.0834648893966983
loop + severity,R3,22,0.1269799850578495,0.48626178435269785
loop + severity,R3,23,0.5544592557489686,1.1337993766115488
loop + severity,R3,24,0.2029755248466958,0.4316246190201884
loop + severity,R3,25,0.7079162826564238,1.201940933338884
loop + severity,R3,26,0.1500122825633834,0.45026351288708905
loop + severity,R3,27,0.6112066522451491,1.1903504736038637
loop + severity,R3,28,0.1149363430059798,0.5073598181225285
loop + severity,R3,29,0.6009419127901608,1.1719247496038916
loop + severity,R3,30,0.0775680693816034,0.4511128516686587
loop + severity,R5,1,2.9750219287554,2.106314212022185
loop + severity,R5,2,2.2201441769691663,1.843830243535002
loop + severity,R5,3,1.3226571428387692,1.1013308198299943
loop + severity,R5,4,1.0015526887776265,1.306852325911851
loop + severity,R5,5,0.8206759358878508,1.0654082328843495
loop + severity,R5,6,1.0952559646619258,1.158586535394103
loop + severity,R5,7,0.9356332875334834,1.2626996128849648
loop + severity,R5,8,1.1907380734312836,1.4211474966391533
loop + severity,R5,9,0.9546944057688772,1.2326106978865685
loop + severity,R5,10,1.0484834842658932,1.36593780260143
loop + severity,R5,11,0.7643307776233655,1.1922797796522675
loop + severity,R5,12,0.8587869359058276,1.149475188907792
loop + severity,R5,13,0.5921336789255349,1.031511338255409
loop + severity,R5,14,0.7217206324999331,0.9512460205695323
loop + severity,R5,15,0.5703075049787194,1.067675222112443
loop + severity,R5,16,0.6808093292651544,1.1092385247539565
loop + severity,R5,17,0.5755228847821717,1.0920256795925132
loop + severity,R5,18,0.5715205198078153,0.8275818096778166
loop + severity,R5,19,0.6301379742645613,1.0117321178517715
loop + severity,R5,20,0.6091489780350974,0.7950397244215298
loop + severity,R5,21,0.9385234846667032,1.094429277756605
loop + severity,R5,22,0.6257001032898761,0.8434752915923176
loop + severity,R5,23,1.0483121706138765,1.0914868517589136
loop + severity,R5,24,0.3130685484843724,0.5609323963736171
loop + severity,R5,25,0.983987845804077,0.9839864850358638
loop + severity,R5,26,0.0189929793685888,0.34527948672827874
loop + severity,R5,27,0.6515680182201152,0.9245191049945163
loop + severity,R5,28,-0.0887256183021042,0.35854949909858674
loop + severity,R5,29,0.6470214278426281,0.9904506775268865
loop + severity,R5,30,-0.0159035204146659,0.3185986206646896
loop + severity,R6,1,3.4038751148866795,2.2044573154319864
loop + severity,R6,2,2.930514099308087,2.017447014690873
loop + severity,R6,3,2.372297530291921,1.795320882136809
loop + severity,R6,4,1.8177489722865603,1.358292825345568
loop + severity,R6,5,1.6512405953991796,1.29542797477536
loop + severity,R6,6,1.454762619297591,1.1457895576332233
loop + severity,R6,7,1.4505848438274038,1.3851257832816184
loop + severity,R6,8,1.47843499128703,1.459786854264539
loop + severity,R6,9,1.5246772578714796,1.4448956882645199
loop + severity,R6,10,1.3687436233122954,1.4085787714071996
loop + severity,R6,11,1.5566420775791237,1.4556882504140884
loop + severity,R6,12,1.289044859608663,1.37794154805895
loop + severity,R6,13,1.3954211322908936,1.1850510593116417
loop + severity,R6,14,1.0741798559541669,1.2637010931496309
loop + severity,R6,15,1.002975323599376,0.9966185120413131
loop + severity,R6,16,0.9133687743391318,1.113250585100163
loop + severity,R6,17,1.0356853756829925,0.9924349924637824
loop + severity,R6,18,0.895355167548207,1.1511245171841085
loop + severity,R6,19,0.815419541484226,0.9329447527401369
loop + severity,R6,20,0.7868909264460082,1.1631897308114283
loop + severity,R6,21,0.4668192686345997,0.8383133891474053
loop + severity,R6,22,0.743946564335871,1.1326292094104622
loop + severity,R6,23,0.7176068203733688,0.9383303534472588
loop + severity,R6,24,0.9856975723924224,1.166821833448859
loop + severity,R6,25,0.326404676692637,0.868036687719994
loop + severity,R6,26,0.8986292067721726,1.0416071742410655
loop + severity,R6,27,0.3152828642087723,0.8685523468176258
loop + severity,R6,28,1.0822689547158666,1.1356754680162096
loop + severity,R6,29,0.4308027710233856,0.8558118820533787
loop + severity,R6,30,1.0186817509993162,1.1139010004127083
loop + severity,R6c,1,3.8842981225656,2.342239026054315
loop + severity,R6c,2,3.3406241536213845,2.2971665570953625
loop + severity,R6c,3,2.9874174786021053,2.1877428723163965
loop + severity,R6c,4,2.633901096592984,1.9129211024544261
loop + severity,R6c,5,2.542679192399663,1.9667171728664132
loop + severity,R6c,6,2.195114575187837,1.6791725752177502
loop + severity,R6c,7,1.8888785849294447,1.3672863737756307
loop + severity,R6c,8,1.6874861180462877,1.5328980422122462
loop + severity,R6c,9,1.3548718296999107,1.2732080589557697
loop + severity,R6c,10,1.2847809639269612,1.224850787963505
loop + severity,R6c,11,1.290712068663024,1.3015571692524337
loop + severity,R6c,12,1.2491216045660816,1.3701442240242856
loop + severity,R6c,13,1.7535791749570409,1.5069775965861605
loop + severity,R6c,14,1.831313160045602,1.60203059705182
loop + severity,R6c,15,1.5460923637193849,1.540612674929331
loop + severity,R6c,16,1.656935500780594,1.5131555128070207
loop + severity,R6c,17,1.7483794050379629,1.5580546700611855
loop + severity,R6c,18,1.6000214842207403,1.5498704782853447
loop + severity,R6c,19,1.564731731247691,1.507558897917508
loop + severity,R6c,20,1.7664792713982311,1.5129390579826238
loop + severity,R6c,21,1.5106029826887957,1.4662159913233057
loop + severity,R6c,22,1.7160830366757227,1.5543299174512146
loop + severity,R6c,23,1.6560040700768948,1.4695804579807088
loop + severity,R6c,24,1.6757791336099093,1.547592901636878
loop + severity,R6c,25,1.5668034732221927,1.5169795781748538
loop + severity,R6c,26,1.6549336797125744,1.512485634388041
loop + severity,R6c,27,1.4587589485500423,1.4593289337928388
loop + severity,R6c,28,1.4654176061312671,1.45430752270096
loop + severity,R6c,29,1.4794517942719871,1.404591382700646
loop + severity,R6c,30,1.6065778483861053,1.526634032102768
multiplicative kernel,R1,1,0.2426924129141688,0.054621238630783164
multiplicative kernel,R1,2,-0.3358065483776062,0.06306311415779242
multiplicative kernel,R1,3,-0.3108989268529668,0.07747350692487953
multiplicative kernel,R1,4,-0.3604737017647273,0.07313278470097084
multiplicative kernel,R1,5,-0.2948791452306223,0.08793103590769102
multiplicative kernel,R1,6,-0.3291707193658112,0.08223886267567126
multiplicative kernel,R1,7,-0.3263837809456625,0.07375064936972486
multiplicative kernel,R1,8,-0.3365614070135928,0.08199522621089295
multiplicative kernel,R1,9,-0.30492126714158,0.08748317990121657
multiplicative kernel,R1,10,-0.2674615800896942,0.0913923250279326
multiplicative kernel,R1,11,-0.2806883735732618,0.09251865784581514
multiplicative kernel,R1,12,-0.280781398831636,0.09433170259446533
multiplicative kernel,R1,13,-0.2472440285677954,0.09533091508568359
multiplicative kernel,R1,14,-0.2358279216023111,0.09167596923416643
multiplicative kernel,R1,15,-0.2561498925856866,0.08937287618353906
multiplicative kernel,R1,16,-0.225841608599821,0.09240521892874298
multiplicative kernel,R1,17,-0.2188352152904842,0.09560100661099624
multiplicative kernel,R1,18,-0.2073738857237675,0.10053042152022162
multiplicative kernel,R1,19,-0.1866182248605182,0.09504459503392304
multiplicative kernel,R1,20,-0.2015138375104815,0.09421418068225729
multiplicative kernel,R1,21,-0.1953831664918539,0.09445783936398122
multiplicative kernel,R1,22,-0.2064037092306254,0.09631233834371844
multiplicative kernel,R1,23,-0.2249653820194092,0.08996477224437283
multiplicative kernel,R1,24,-0.23063559531797,0.09726073139040237
multiplicative kernel,R1,25,-0.2190679256514783,0.09433744640947372
multiplicative kernel,R1,26,-0.1961183709620858,0.09407571346582877
multiplicative kernel,R1,27,-0.1907165599936395,0.09891095555366625
multiplicative kernel,R1,28,-0.1894451335245748,0.09724230291520641
multiplicative kernel,R1,29,-0.1835118732922154,0.09476324597214203
multiplicative kernel,R1,30,-0.1925962080266283,0.09589702122062849
multiplicative kernel,R3,1,-0.0755608043551785,-0.5776296604333664
multiplicative kernel,R3,2,0.0470277350035361,0.038996595920877786
multiplicative kernel,R3,3,0.7468958400065009,0.4417403734461454
multiplicative kernel,R3,4,0.189904571897606,0.1970228069440253
multiplicative kernel,R3,5,0.780228511074184,0.5010926554155934
multiplicative kernel,R3,6,-0.0272193312589265,0.018912256470194455
multiplicative kernel,R3,7,0.7960574760262535,0.4803491035490706
multiplicative kernel,R3,8,-0.0519251011277359,-0.018390504018565235
multiplicative kernel,R3,9,0.777609588607892,0.4354165359333808
multiplicative kernel,R3,10,-0.0652087426134581,-0.030687120062774964
multiplicative kernel,R3,11,0.7605084058259138,0.4354027989560935
multiplicative kernel,R3,12,-0.0030675470730787,0.04427730779942074
multiplicative kernel,R3,13,0.8509677587454352,0.46888749596227464
multiplicative kernel,R3,14,0.0062389835732397,0.07482641717657734
multiplicative kernel,R3,15,0.7597616915697145,0.424719916481486
multiplicative kernel,R3,16,0.0072117078175871,0.07169108830242976
multiplicative kernel,R3,17,0.7136084429902004,0.43754408388795735
multiplicative kernel,R3,18,0.020260083148826,0.08287857102072971
multiplicative kernel,R3,19,0.7906955206932408,0.45754102962749066
multiplicative kernel,R3,20,0.0336436801673072,0.07079847503177628
multiplicative kernel,R3,21,0.5751423004796097,0.37753621282067407
multiplicative kernel,R3,22,0.1269799850578495,0.09086178496719532
multiplicative kernel,R3,23,0.5544592557489686,0.40169819423326625
multiplicative kernel,R3,24,0.2029755248466958,0.06463439602875531
multiplicative kernel,R3,25,0.7079162826564238,0.4344080740427741
multiplicative kernel,R3,26,0.1500122825633834,0.07358159370737716
multiplicative kernel,R3,27,0.6112066522451491,0.4288443246499257
multiplicative kernel,R3,28,0.1149363430059798,0.10098943954352901
multiplicative kernel,R3,29,0.6009419127901608,0.41999945455319554
multiplicative kernel,R3,30,0.0775680693816034,0.07398930041084839
multiplicative kernel,R5,1,2.9750219287554,1.5067408078850257
multiplicative kernel,R5,2,2.2201441769691663,1.2839081556169398
multiplicative kernel,R5,3,1.3226571428387692,0.6535720751115457
multiplicative kernel,R5,4,1.0015526887776265,0.8280471204345059
multiplicative kernel,R5,5,0.8206759358878508,0.623076020927498
multiplicative kernel,R5,6,1.0952559646619258,0.7021786358481512
multiplicative kernel,R5,7,0.9356332875334834,0.7905641983142806
multiplicative kernel,R5,8,1.1907380734312836,0.9250766502049768
multiplicative kernel,R5,9,0.9546944057688772,0.7650205707487404
multiplicative kernel,R5,10,1.0484834842658932,0.8782070351795693
multiplicative kernel,R5,11,0.7643307776233655,0.7307821159952821
multiplicative kernel,R5,12,0.8587869359058276,0.6944436662994211
multiplicative kernel,R5,13,0.5921336789255349,0.5942996542131728
multiplicative kernel,R5,14,0.7217206324999331,0.5261593646245619
multiplicative kernel,R5,15,0.5703075049787194,0.6250005545486207
multiplicative kernel,R5,16,0.6808093292651544,0.6602852274298213
multiplicative kernel,R5,17,0.5755228847821717,0.6456725866559464
multiplicative kernel,R5,18,0.5715205198078153,0.42117609931330724
multiplicative kernel,R5,19,0.6301379742645613,0.5775083196119023
multiplicative kernel,R5,20,0.6091489780350974,0.3935498819493061
multiplicative kernel,R5,21,0.9385234846667032,0.6477130928132486
multiplicative kernel,R5,22,0.6257001032898761,0.43466868230492733
multiplicative kernel,R5,23,1.0483121706138765,0.6452151551565337
multiplicative kernel,R5,24,0.3130685484843724,0.19480724206553512
multiplicative kernel,R5,25,0.983987845804077,0.5539539936663653
multiplicative kernel,R5,26,0.0189929793685888,0.011731261834966533
multiplicative kernel,R5,27,0.6515680182201152,0.5034698665997831
multiplicative kernel,R5,28,-0.0887256183021042,0.02299668146858691
multiplicative kernel,R5,29,0.6470214278426281,0.5594416932232104
multiplicative kernel,R5,30,-0.0159035204146659,-0.010919143003184306
multiplicative kernel,R6,1,3.4038751148866795,2.668226267894896
multiplicative kernel,R6,2,2.930514099308087,2.3580379313522704
multiplicative kernel,R6,3,2.372297530291921,1.989604025377355
multiplicative kernel,R6,4,1.8177489722865603,1.264718789530404
multiplicative kernel,R6,5,1.6512405953991796,1.1604467609410904
multiplicative kernel,R6,6,1.454762619297591,0.912246038776343
multiplicative kernel,R6,7,1.4505848438274038,1.3092258062760966
multiplicative kernel,R6,8,1.47843499128703,1.4330638693181055
multiplicative kernel,R6,9,1.5246772578714796,1.4083643421133427
multiplicative kernel,R6,10,1.3687436233122954,1.3481265692009095
multiplicative kernel,R6,11,1.5566420775791237,1.4262656389239496
multiplicative kernel,R6,12,1.289044859608663,1.2973095323370727
multiplicative kernel,R6,13,1.3954211322908936,0.9773679055801041
multiplicative kernel,R6,14,1.0741798559541669,1.1078223408093164
multiplicative kernel,R6,15,1.002975323599376,0.6648205316833733
multiplicative kernel,R6,16,0.9133687743391318,0.8582746279886099
multiplicative kernel,R6,17,1.0356853756829925,0.6578814541378843
multiplicative kernel,R6,18,0.895355167548207,0.9210949750223854
multiplicative kernel,R6,19,0.815419541484226,0.5592067906179045
multiplicative kernel,R6,20,0.7868909264460082,0.9411071803942733
multiplicative kernel,R6,21,0.4668192686345997,0.40224460649615795
multiplicative kernel,R6,22,0.743946564335871,0.8904173667333464
multiplicative kernel,R6,23,0.7176068203733688,0.568139723820004
multiplicative kernel,R6,24,0.9856975723924224,0.9471316393186853
multiplicative kernel,R6,25,0.326404676692637,0.4515457439428834
multiplicative kernel,R6,26,0.8986292067721726,0.7394418666350654
multiplicative kernel,R6,27,0.3152828642087723,0.4524010521108486
multiplicative kernel,R6,28,1.0822689547158666,0.8954701038598617
multiplicative kernel,R6,29,0.4308027710233856,0.43126882807644823
multiplicative kernel,R6,30,1.0186817509993162,0.8593534522194718
multiplicative kernel,R6c,1,3.8842981225656,4.461109155725919
multiplicative kernel,R6c,2,3.3406241536213845,4.3484589406207705
multiplicative kernel,R6c,3,2.9874174786021053,4.074974884551548
multiplicative kernel,R6c,4,2.633901096592984,3.388109216759469
multiplicative kernel,R6c,5,2.542679192399663,3.5225624438334293
multiplicative kernel,R6c,6,2.195114575187837,2.8038984450419564
multiplicative kernel,R6c,7,1.8888785849294447,2.0243971554015086
multiplicative kernel,R6c,8,1.6874861180462877,2.4383125788121385
multiplicative kernel,R6c,9,1.3548718296999107,1.789265984512273
multiplicative kernel,R6c,10,1.2847809639269612,1.6684060204366955
multiplicative kernel,R6c,11,1.290712068663024,1.8601192891286038
multiplicative kernel,R6c,12,1.2491216045660816,2.0315398181551836
multiplicative kernel,R6c,13,1.7535791749570409,2.3735292677834243
multiplicative kernel,R6c,14,1.831313160045602,2.611096483340174
multiplicative kernel,R6c,15,1.5460923637193849,2.4575938619348414
multiplicative kernel,R6c,16,1.656935500780594,2.3889698151342986
multiplicative kernel,R6c,17,1.7483794050379629,2.5011868700138034
multiplicative kernel,R6c,18,1.6000214842207403,2.480732011753213
multiplicative kernel,R6c,19,1.564731731247691,2.374982121854429
multiplicative kernel,R6c,20,1.7664792713982311,2.3884288267417824
multiplicative kernel,R6c,21,1.5106029826887957,2.2716532510719043
multiplicative kernel,R6c,22,1.7160830366757227,2.491877546774626
multiplicative kernel,R6c,23,1.6560040700768948,2.2800621068862084
multiplicative kernel,R6c,24,1.6757791336099093,2.475039634448524
multiplicative kernel,R6c,25,1.5668034732221927,2.39852735205678
multiplicative kernel,R6c,26,1.6549336797125744,2.3872955791819463
multiplicative kernel,R6c,27,1.4587589485500423,2.2544403375091884
multiplicative kernel,R6c,28,1.4654176061312671,2.2418902586540304
multiplicative kernel,R6c,29,1.4794517942719871,2.1176340553754063
multiplicative kernel,R6c,30,1.6065778483861053,2.4226568558719075
loop + severity + kernel,R1,1,0.2426924129141688,-0.8373591919257515
loop + severity + kernel,R1,2,-0.3358065483776062,-0.7587671390030124
loop + severity + kernel,R1,3,-0.3108989268529668,-0.6246094690202153
loop + severity + kernel,R1,4,-0.3604737017647273,-0.6650206631503426
loop + severity + kernel,R1,5,-0.2948791452306223,-0.5272521141731012
loop + severity + kernel,R1,6,-0.3291707193658112,-0.5802450277105031
loop + severity + kernel,R1,7,-0.3263837809456625,-0.659268475429682
loop + severity + kernel,R1,8,-0.3365614070135928,-0.5825132310111192
loop + severity + kernel,R1,9,-0.30492126714158,-0.5314215576634722
loop + severity + kernel,R1,10,-0.2674615800896942,-0.49502825386521465
loop + severity + kernel,R1,11,-0.2806883735732618,-0.4845423365890802
loop + severity + kernel,R1,12,-0.280781398831636,-0.46766327832989085
loop + severity + kernel,R1,13,-0.2472440285677954,-0.4583608240660684
loop + severity + kernel,R1,14,-0.2358279216023111,-0.4923875870612282
loop + severity + kernel,R1,15,-0.2561498925856866,-0.5138288900444066
loop + severity + kernel,R1,16,-0.225841608599821,-0.48559842860862035
loop + severity + kernel,R1,17,-0.2188352152904842,-0.45584632981849915
loop + severity + kernel,R1,18,-0.2073738857237675,-0.4099545328849308
loop + severity + kernel,R1,19,-0.1866182248605182,-0.46102640241874826
loop + severity + kernel,R1,20,-0.2015138375104815,-0.46875738215957763
loop + severity + kernel,R1,21,-0.1953831664918539,-0.4664889720239538
loop + severity + kernel,R1,22,-0.2064037092306254,-0.44922398375276185
loop + severity + kernel,R1,23,-0.2249653820194092,-0.5083184645010588
loop + severity + kernel,R1,24,-0.23063559531797,-0.44039464763212566
loop + severity + kernel,R1,25,-0.2190679256514783,-0.46760980464247726
loop + severity + kernel,R1,26,-0.1961183709620858,-0.47004648228511203
loop + severity + kernel,R1,27,-0.1907165599936395,-0.42503141414702417
loop + severity + kernel,R1,28,-0.1894451335245748,-0.4405662127888559
loop + severity + kernel,R1,29,-0.1835118732922154,-0.4636457019194937
loop + severity + kernel,R1,30,-0.1925962080266283,-0.4530904972085916
loop + severity + kernel,R3,1,-0.0755608043551785,-0.9323623785110869
loop + severity + kernel,R3,2,0.0470277350035361,0.16336366435572702
loop + severity + kernel,R3,3,0.7468958400065009,0.8790270683861163
loop + severity + kernel,R3,4,0.189904571897606,0.44417141960342893
loop + severity + kernel,R3,5,0.780228511074184,0.9844942624722167
loop + severity + kernel,R3,6,-0.0272193312589265,0.1276744059709065
loop + severity + kernel,R3,7,0.7960574760262535,0.9476336037385253
loop + severity + kernel,R3,8,-0.0519251011277359,0.061388538774755474
loop + severity + kernel,R3,9,0.777609588607892,0.8677898020806518
loop + severity + kernel,R3,10,-0.0652087426134581,0.039537827262020375
loop + severity + kernel,R3,11,0.7605084058259138,0.8677653918911588
loop + severity + kernel,R3,12,-0.0030675470730787,0.17274732823732397
loop + severity + kernel,R3,13,0.8509677587454352,0.9272666767766002
loop + severity + kernel,R3,14,0.0062389835732397,0.22703216347746846
loop + severity + kernel,R3,15,0.7597616915697145,0.8487822356929118
loop + severity + kernel,R3,16,0.0072117078175871,0.22146077973414913
loop + severity + kernel,R3,17,0.7136084429902004,0.8715703898795896
loop + severity + kernel,R3,18,0.020260083148826,0.24134059516893247
loop + severity + kernel,R3,19,0.7906955206932408,0.907104352306278
loop + severity + kernel,R3,20,0.0336436801673072,0.2198746331878666
loop + severity + kernel,R3,21,0.5751423004796097,0.7649382339701556
loop + severity + kernel,R3,22,0.1269799850578495,0.25552652276572063
loop + severity + kernel,R3,23,0.5544592557489686,0.8078733377031236
loop + severity + kernel,R3,24,0.2029755248466958,0.2089212528796195
loop + severity + kernel,R3,25,0.7079162826564238,0.8659977960715181
loop + severity + kernel,R3,26,0.1500122825633834,0.22482015015510526
loop + severity + kernel,R3,27,0.6112066522451491,0.8561111831631211
loop + severity + kernel,R3,28,0.1149363430059798,0.2735230559300057
loop + severity + kernel,R3,29,0.6009419127901608,0.8403941188784086
loop + severity + kernel,R3,30,0.0775680693816034,0.22554463252711143
loop + severity + kernel,R5,1,2.9750219287554,1.9176129380759708
loop + severity + kernel,R5,2,2.2201441769691663,1.6393938570130844
loop + severity + kernel,R5,3,1.3226571428387692,0.8523838596272166
loop + severity + kernel,R5,4,1.0015526887776265,1.0702257525638008
loop + severity + kernel,R5,5,0.8206759358878508,0.8143078232619445
loop + severity + kernel,R5,6,1.0952559646619258,0.9130718805439006
loop + severity + kernel,R5,7,0.9356332875334834,1.0234262191843995
loop + severity + kernel,R5,8,1.1907380734312836,1.1913725698454378
loop + severity + kernel,R5,9,0.9546944057688772,0.9915335655900455
loop + severity + kernel,R5,10,1.0484834842658932,1.1328532231993642
loop + severity + kernel,R5,11,0.7643307776233655,0.9487849319335196
loop + severity + kernel,R5,12,0.8587869359058276,0.9034143366516885
loop + severity + kernel,R5,13,0.5921336789255349,0.7783789132835442
loop + severity + kernel,R5,14,0.7217206324999331,0.6933019348437135
loop + severity + kernel,R5,15,0.5703075049787194,0.8167107115733899
loop + severity + kernel,R5,16,0.6808093292651544,0.8607656073200046
loop + severity + kernel,R5,17,0.5755228847821717,0.8425209046400832
loop + severity + kernel,R5,18,0.5715205198078153,0.5622244320424703
loop + severity + kernel,R5,19,0.6301379742645613,0.7574139890005244
loop + severity + kernel,R5,20,0.6091489780350974,0.5277315481225281
loop + severity + kernel,R5,21,0.9385234846667032,0.8450685911761875
loop + severity + kernel,R5,22,0.6257001032898761,0.5790706796766681
loop + severity + kernel,R5,23,1.0483121706138765,0.8419497757228422
loop + severity + kernel,R5,24,0.3130685484843724,0.2795902004624389
loop + severity + kernel,R5,25,0.983987845804077,0.7280050902017126
loop + severity + kernel,R5,26,0.0189929793685888,0.05100955724881917
loop + severity + kernel,R5,27,0.6515680182201152,0.6649728222743513
loop + severity + kernel,R5,28,-0.0887256183021042,0.06507506634881799
loop + severity + kernel,R5,29,0.6470214278426281,0.734856791298093
loop + severity + kernel,R5,30,-0.0159035204146659,0.02272925471850995
loop + severity + kernel,R6,1,3.4038751148866795,2.8713402915354393
loop + severity + kernel,R6,2,2.930514099308087,2.5034962175218265
loop + severity + kernel,R6,3,2.372297530291921,2.0665802764224823
loop + severity + kernel,R6,4,1.8177489722865603,1.2069582115882698
loop + severity + kernel,R6,5,1.6512405953991796,1.0833047943467538
loop + severity + kernel,R6,6,1.454762619297591,0.7889701787005738
loop + severity + kernel,R6,7,1.4505848438274038,1.2597378955196736
loop + severity + kernel,R6,8,1.47843499128703,1.4065941510935107
loop + severity + kernel,R6,9,1.5246772578714796,1.3773036406427364
loop + severity + kernel,R6,10,1.3687436233122954,1.3058692725920493
loop + severity + kernel,R6,11,1.5566420775791237,1.3985323110122805
loop + severity + kernel,R6,12,1.289044859608663,1.2456067041226995
loop + severity + kernel,R6,13,1.3954211322908936,0.8661964634134923
loop + severity + kernel,R6,14,1.0741798559541669,1.020898898272013
loop + severity + kernel,R6,15,1.002975323599376,0.4955548699291071
loop + severity + kernel,R6,16,0.9133687743391318,0.724966922337987
loop + severity + kernel,R6,17,1.0356853756829925,0.4873260029682171
loop + severity + kernel,R6,18,0.895355167548207,0.7994638961488558
loop + severity + kernel,R6,19,0.815419541484226,0.37031035165237847
loop + severity + kernel,R6,20,0.7868909264460082,0.8231958366726119
loop + severity + kernel,R6,21,0.4668192686345997,0.1841730844779762
loop + severity + kernel,R6,22,0.743946564335871,0.7630841388059064
loop + severity + kernel,R6,23,0.7176068203733688,0.380903678850225
loop + severity + kernel,R6,24,0.9856975723924224,0.8303400818082727
loop + severity + kernel,R6,25,0.326404676692637,0.24263798826528055
loop + severity + kernel,R6,26,0.8986292067721726,0.5840463205197802
loop + severity + kernel,R6,27,0.3152828642087723,0.24365227540627432
loop + severity + kernel,R6,28,1.0822689547158666,0.7690760449821782
loop + severity + kernel,R6,29,0.4308027710233856,0.21859213462720922
loop + severity + kernel,R6,30,1.0186817509993162,0.7262462712156658
loop + severity + kernel,R6c,1,3.8842981225656,4.111992218218963
loop + severity + kernel,R6c,2,3.3406241536213845,4.0064611549767655
loop + severity + kernel,R6c,3,2.9874174786021053,3.7502604616195923
loop + severity + kernel,R6c,4,2.633901096592984,3.1068026203806625
loop + severity + kernel,R6c,5,2.542679192399663,3.232758811376086
loop + severity + kernel,R6c,6,2.195114575187837,2.5595121971946364
loop + severity + kernel,R6c,7,1.8888785849294447,1.82927302439202
loop + severity + kernel,R6c,8,1.6874861180462877,2.217030248682235
loop + severity + kernel,R6c,9,1.3548718296999107,1.6090014302174098
loop + severity + kernel,R6c,10,1.2847809639269612,1.4957794492349117
loop + severity + kernel,R6c,11,1.290712068663024,1.6753770209200587
loop + severity + kernel,R6c,12,1.2491216045660816,1.835964292527391
loop + severity + kernel,R6c,13,1.7535791749570409,2.156341046386183
loop + severity + kernel,R6c,14,1.831313160045602,2.378894734595219
loop + severity + kernel,R6c,15,1.5460923637193849,2.235093013202599
loop + severity + kernel,R6c,16,1.656935500780594,2.170805797984378
loop + severity + kernel,R6c,17,1.7483794050379629,2.2759310754131725
loop + severity + kernel,R6c,18,1.6000214842207403,2.2567689021435196
loop + severity + kernel,R6c,19,1.564731731247691,2.157702084487226
loop + severity + kernel,R6c,20,1.7664792713982311,2.1702989984171457
loop + severity + kernel,R6c,21,1.5106029826887957,2.0609032848833624
loop + severity + kernel,R6c,22,1.7160830366757227,2.2672100731622793
loop + severity + kernel,R6c,23,1.6560040700768948,2.0687807265190092
loop + severity + kernel,R6c,24,1.6757791336099093,2.2514362658162934
loop + severity + kernel,R6c,25,1.5668034732221927,2.179759327566763
loop + severity + kernel,R6c,26,1.6549336797125744,2.1692373686653115
loop + severity + kernel,R6c,27,1.4587589485500423,2.0447781752413268
loop + severity + kernel,R6c,28,1.4654176061312671,2.0330212232983405
loop + severity + kernel,R6c,29,1.4794517942719871,1.916617635127718
loop + severity + kernel,R6c,30,1.6065778483861053,2.2023639199391813
dimensionless loop number,R1,1,0.2426924129141688,0.05462123863078472
dimensionless loop number,R1,2,-0.3358065483776062,0.0630631141577942
dimensionless loop number,R1,3,-0.3108989268529668,0.07747350692487998
dimensionless loop number,R1,4,-0.3604737017647273,0.07313278470097107
dimensionless loop number,R1,5,-0.2948791452306223,0.08793103590769213
dimensionless loop number,R1,6,-0.3291707193658112,0.08223886267567182
dimensionless loop number,R1,7,-0.3263837809456625,0.07375064936972542
dimensionless loop number,R1,8,-0.3365614070135928,0.08199522621089417
dimensionless loop number,R1,9,-0.30492126714158,0.08748317990121834
dimensionless loop number,R1,10,-0.2674615800896942,0.09139232502793293
dimensionless loop number,R1,11,-0.2806883735732618,0.09251865784581703
dimensionless loop number,R1,12,-0.280781398831636,0.09433170259446622
dimensionless loop number,R1,13,-0.2472440285677954,0.09533091508568459
dimensionless loop number,R1,14,-0.2358279216023111,0.09167596923416743
dimensionless loop number,R1,15,-0.2561498925856866,0.08937287618354028
dimensionless loop number,R1,16,-0.225841608599821,0.09240521892874487
dimensionless loop number,R1,17,-0.2188352152904842,0.09560100661099802
dimensionless loop number,R1,18,-0.2073738857237675,0.10053042152022307
dimensionless loop number,R1,19,-0.1866182248605182,0.09504459503392482
dimensionless loop number,R1,20,-0.2015138375104815,0.09421418068225818
dimensionless loop number,R1,21,-0.1953831664918539,0.09445783936398244
dimensionless loop number,R1,22,-0.2064037092306254,0.09631233834371977
dimensionless loop number,R1,23,-0.2249653820194092,0.0899647722443736
dimensionless loop number,R1,24,-0.23063559531797,0.09726073139040392
dimensionless loop number,R1,25,-0.2190679256514783,0.09433744640947417
dimensionless loop number,R1,26,-0.1961183709620858,0.09407571346583055
dimensionless loop number,R1,27,-0.1907165599936395,0.09891095555366702
dimensionless loop number,R1,28,-0.1894451335245748,0.09724230291520752
dimensionless loop number,R1,29,-0.1835118732922154,0.09476324597214358
dimensionless loop number,R1,30,-0.1925962080266283,0.0958970212206296
dimensionless loop number,R3,1,-0.0755608043551785,-0.5776296604333644
dimensionless loop number,R3,2,0.0470277350035361,0.0389965959208779
dimensionless loop number,R3,3,0.7468958400065009,0.4417403734461451
dimensionless loop number,R3,4,0.189904571897606,0.19702280694402563
dimensionless loop number,R3,5,0.780228511074184,0.5010926554155922
dimensionless loop number,R3,6,-0.0272193312589265,0.018912256470194566
dimensionless loop number,R3,7,0.7960574760262535,0.4803491035490692
dimensionless loop number,R3,8,-0.0519251011277359,-0.018390504018566456
dimensionless loop number,R3,9,0.777609588607892,0.4354165359333809
dimensionless loop number,R3,10,-0.0652087426134581,-0.030687120062774964
dimensionless loop number,R3,11,0.7605084058259138,0.4354027989560927
dimensionless loop number,R3,12,-0.0030675470730787,0.04427730779941974
dimensionless loop number,R3,13,0.8509677587454352,0.468887495962274
dimensionless loop number,R3,14,0.0062389835732397,0.07482641717657657
dimensionless loop number,R3,15,0.7597616915697145,0.424719916481486
dimensionless loop number,R3,16,0.0072117078175871,0.07169108830242976
dimensionless loop number,R3,17,0.7136084429902004,0.4375440838879564
dimensionless loop number,R3,18,0.020260083148826,0.08287857102072949
dimensionless loop number,R3,19,0.7906955206932408,0.4575410296274895
dimensionless loop number,R3,20,0.0336436801673072,0.07079847503177494
dimensionless loop number,R3,21,0.5751423004796097,0.3775362128206725
dimensionless loop number,R3,22,0.1269799850578495,0.09086178496719577
dimensionless loop number,R3,23,0.5544592557489686,0.40169819423326514
dimensionless loop number,R3,24,0.2029755248466958,0.06463439602875565
dimensionless loop number,R3,25,0.7079162826564238,0.4344080740427728
dimensionless loop number,R3,26,0.1500122825633834,0.07358159370737649
dimensionless loop number,R3,27,0.6112066522451491,0.4288443246499249
dimensionless loop number,R3,28,0.1149363430059798,0.1009894395435279
dimensionless loop number,R3,29,0.6009419127901608,0.41999945455319576
dimensionless loop number,R3,30,0.0775680693816034,0.0739893004108485
dimensionless loop number,R5,1,2.9750219287554,1.5067408078850262
dimensionless loop number,R5,2,2.2201441769691663,1.2839081556169403
dimensionless loop number,R5,3,1.3226571428387692,0.6535720751115442
dimensionless loop number,R5,4,1.0015526887776265,0.8280471204345057
dimensionless loop number,R5,5,0.8206759358878508,0.6230760209274978
dimensionless loop number,R5,6,1.0952559646619258,0.7021786358481505
dimensionless loop number,R5,7,0.9356332875334834,0.7905641983142796
dimensionless loop number,R5,8,1.1907380734312836,0.9250766502049764
dimensionless loop number,R5,9,0.9546944057688772,0.7650205707487391
dimensionless loop number,R5,10,1.0484834842658932,0.878207035179569
dimensionless loop number,R5,11,0.7643307776233655,0.7307821159952816
dimensionless loop number,R5,12,0.8587869359058276,0.6944436662994199
dimensionless loop number,R5,13,0.5921336789255349,0.5942996542131728
dimensionless loop number,R5,14,0.7217206324999331,0.5261593646245606
dimensionless loop number,R5,15,0.5703075049787194,0.6250005545486201
dimensionless loop number,R5,16,0.6808093292651544,0.6602852274298205
dimensionless loop number,R5,17,0.5755228847821717,0.645672586655946
dimensionless loop number,R5,18,0.5715205198078153,0.4211760993133062
dimensionless loop number,R5,19,0.6301379742645613,0.5775083196119016
dimensionless loop number,R5,20,0.6091489780350974,0.3935498819493054
dimensionless loop number,R5,21,0.9385234846667032,0.6477130928132483
dimensionless loop number,R5,22,0.6257001032898761,0.4346686823049258
dimensionless loop number,R5,23,1.0483121706138765,0.6452151551565322
dimensionless loop number,R5,24,0.3130685484843724,0.19480724206553413
dimensionless loop number,R5,25,0.983987845804077,0.5539539936663642
dimensionless loop number,R5,26,0.0189929793685888,0.011731261834964868
dimensionless loop number,R5,27,0.6515680182201152,0.5034698665997831
dimensionless loop number,R5,28,-0.0887256183021042,0.02299668146858669
dimensionless loop number,R5,29,0.6470214278426281,0.5594416932232094
dimensionless loop number,R5,30,-0.0159035204146659,-0.01091914300318464
dimensionless loop number,R6,1,3.4038751148866795,2.6682262678948967
dimensionless loop number,R6,2,2.930514099308087,2.3580379313522704
dimensionless loop number,R6,3,2.372297530291921,1.9896040253773548
dimensionless loop number,R6,4,1.8177489722865603,1.2647187895304035
dimensionless loop number,R6,5,1.6512405953991796,1.1604467609410911
dimensionless loop number,R6,6,1.454762619297591,0.9122460387763427
dimensionless loop number,R6,7,1.4505848438274038,1.309225806276097
dimensionless loop number,R6,8,1.47843499128703,1.4330638693181053
dimensionless loop number,R6,9,1.5246772578714796,1.408364342113342
dimensionless loop number,R6,10,1.3687436233122954,1.3481265692009101
dimensionless loop number,R6,11,1.5566420775791237,1.4262656389239496
dimensionless loop number,R6,12,1.289044859608663,1.297309532337072
dimensionless loop number,R6,13,1.3954211322908936,0.9773679055801039
dimensionless loop number,R6,14,1.0741798559541669,1.1078223408093155
dimensionless loop number,R6,15,1.002975323599376,0.6648205316833724
dimensionless loop number,R6,16,0.9133687743391318,0.8582746279886094
dimensionless loop number,R6,17,1.0356853756829925,0.6578814541378849
dimensionless loop number,R6,18,0.895355167548207,0.9210949750223856
dimensionless loop number,R6,19,0.815419541484226,0.559206790617904
dimensionless loop number,R6,20,0.7868909264460082,0.9411071803942725
dimensionless loop number,R6,21,0.4668192686345997,0.4022446064961574
dimensionless loop number,R6,22,0.743946564335871,0.8904173667333465
dimensionless loop number,R6,23,0.7176068203733688,0.5681397238200031
dimensionless loop number,R6,24,0.9856975723924224,0.9471316393186845
dimensionless loop number,R6,25,0.326404676692637,0.4515457439428833
dimensionless loop number,R6,26,0.8986292067721726,0.7394418666350646
dimensionless loop number,R6,27,0.3152828642087723,0.45240105211084763
dimensionless loop number,R6,28,1.0822689547158666,0.8954701038598615
dimensionless loop number,R6,29,0.4308027710233856,0.43126882807644684
dimensionless loop number,R6,30,1.0186817509993162,0.8593534522194716
dimensionless loop number,R6c,1,3.8842981225656,4.461109155725921
dimensionless loop number,R6c,2,3.3406241536213845,4.348458940620773
dimensionless loop number,R6c,3,2.9874174786021053,4.074974884551548
dimensionless loop number,R6c,4,2.633901096592984,3.3881092167594704
dimensionless loop number,R6c,5,2.542679192399663,3.52256244383343
dimensionless loop number,R6c,6,2.195114575187837,2.8038984450419573
dimensionless loop number,R6c,7,1.8888785849294447,2.024397155401509
dimensionless loop number,R6c,8,1.6874861180462877,2.4383125788121403
dimensionless loop number,R6c,9,1.3548718296999107,1.7892659845122738
dimensionless loop number,R6c,10,1.2847809639269612,1.6684060204366964
dimensionless loop number,R6c,11,1.290712068663024,1.8601192891286025
dimensionless loop number,R6c,12,1.2491216045660816,2.0315398181551836
dimensionless loop number,R6c,13,1.7535791749570409,2.373529267783424
dimensionless loop number,R6c,14,1.831313160045602,2.611096483340175
dimensionless loop number,R6c,15,1.5460923637193849,2.4575938619348414
dimensionless loop number,R6c,16,1.656935500780594,2.388969815134298
dimensionless loop number,R6c,17,1.7483794050379629,2.5011868700138047
dimensionless loop number,R6c,18,1.6000214842207403,2.480732011753214
dimensionless loop number,R6c,19,1.564731731247691,2.37498212185443
dimensionless loop number,R6c,20,1.7664792713982311,2.3884288267417824
dimensionless loop number,R6c,21,1.5106029826887957,2.271653251071904
dimensionless loop number,R6c,22,1.7160830366757227,2.491877546774628
dimensionless loop number,R6c,23,1.6560040700768948,2.2800621068862092
dimensionless loop number,R6c,24,1.6757791336099093,2.4750396344485246
dimensionless loop number,R6c,25,1.5668034732221927,2.39852735205678
dimensionless loop number,R6c,26,1.6549336797125744,2.3872955791819463
dimensionless loop number,R6c,27,1.4587589485500423,2.254440337509188
dimensionless loop number,R6c,28,1.4654176061312671,2.2418902586540317
dimensionless loop number,R6c,29,1.4794517942719871,2.117634055375406
dimensionless loop number,R6c,30,1.6065778483861053,2.4226568558719066
top-5 force tail,R1,1,0.2426924129141688,0.6803508602305581
top-5 force tail,R1,2,-0.3358065483776062,0.5146205343952992
top-5 force tail,R1,3,-0.3108989268529668,0.1607444282161007
top-5 force tail,R1,4,-0.3604737017647273,0.29052242717377574
top-5 force tail,R1,5,-0.2948791452306223,0.16167194111735428
top-5 force tail,R1,6,-0.3291707193658112,0.24602223717512006
top-5 force tail,R1,7,-0.3263837809456625,0.19581352108316152
top-5 force tail,R1,8,-0.3365614070135928,0.23320645956039687
top-5 force tail,R1,9,-0.30492126714158,0.19145642411106545
top-5 force tail,R1,10,-0.2674615800896942,0.03845703881256779
top-5 force tail,R1,11,-0.2806883735732618,0.18197655470839114
top-5 force tail,R1,12,-0.280781398831636,0.11636419729410608
top-5 force tail,R1,13,-0.2472440285677954,-0.07430440250097625
top-5 force tail,R1,14,-0.2358279216023111,-0.29139966369912607
top-5 force tail,R1,15,-0.2561498925856866,-0.35769899110103465
top-5 force tail,R1,16,-0.225841608599821,-0.34608046795541103
top-5 force tail,R1,17,-0.2188352152904842,-0.37962200632814147
top-5 force tail,R1,18,-0.2073738857237675,-0.34015971309143533
top-5 force tail,R1,19,-0.1866182248605182,-0.6034892190232866
top-5 force tail,R1,20,-0.2015138375104815,-0.5669517965534423
top-5 force tail,R1,21,-0.1953831664918539,-0.7100463240676809
top-5 force tail,R1,22,-0.2064037092306254,-0.4021533184545212
top-5 force tail,R1,23,-0.2249653820194092,-0.49676437199655865
top-5 force tail,R1,24,-0.23063559531797,-0.22687243142474345
top-5 force tail,R1,25,-0.2190679256514783,-0.4424660877210811
top-5 force tail,R1,26,-0.1961183709620858,-0.47303263270682216
top-5 force tail,R1,27,-0.1907165599936395,-0.48786105235879473
top-5 force tail,R1,28,-0.1894451335245748,-0.3032592188920211
top-5 force tail,R1,29,-0.1835118732922154,-0.46269280750377506
top-5 force tail,R1,30,-0.1925962080266283,-0.4127737689157951
top-5 force tail,R3,1,-0.0755608043551785,0.25256902872523346
top-5 force tail,R3,2,0.0470277350035361,0.04688166652046244
top-5 force tail,R3,3,0.7468958400065009,0.8031367550669766
top-5 force tail,R3,4,0.189904571897606,0.529146239853419
top-5 force tail,R3,5,0.780228511074184,1.1495346662118588
top-5 force tail,R3,6,-0.0272193312589265,0.35389147142921795
top-5 force tail,R3,7,0.7960574760262535,1.015823963463631
top-5 force tail,R3,8,-0.0519251011277359,0.43044458154832993
top-5 force tail,R3,9,0.777609588607892,0.8958908105285921
top-5 force tail,R3,10,-0.0652087426134581,0.29357542628586164
top-5 force tail,R3,11,0.7605084058259138,0.7611967451440584
top-5 force tail,R3,12,-0.0030675470730787,0.255522093693493
top-5 force tail,R3,13,0.8509677587454352,0.6528445350777028
top-5 force tail,R3,14,0.0062389835732397,0.5056228732208002
top-5 force tail,R3,15,0.7597616915697145,0.6945297346689969
top-5 force tail,R3,16,0.0072117078175871,0.3338294882363301
top-5 force tail,R3,17,0.7136084429902004,0.8561272115844353
top-5 force tail,R3,18,0.020260083148826,0.17793383065153523
top-5 force tail,R3,19,0.7906955206932408,0.7959386062589987
top-5 force tail,R3,20,0.0336436801673072,0.22161217578292003
top-5 force tail,R3,21,0.5751423004796097,0.7406586736785679
top-5 force tail,R3,22,0.1269799850578495,-0.12411292034583554
top-5 force tail,R3,23,0.5544592557489686,0.978467240549361
top-5 force tail,R3,24,0.2029755248466958,-0.3576915036684749
top-5 force tail,R3,25,0.7079162826564238,0.8451795891622257
top-5 force tail,R3,26,0.1500122825633834,-0.0021284122490883295
top-5 force tail,R3,27,0.6112066522451491,1.0443947559436866
top-5 force tail,R3,28,0.1149363430059798,0.026428841421386573
top-5 force tail,R3,29,0.6009419127901608,0.9838971351590873
top-5 force tail,R3,30,0.0775680693816034,-0.02977008918529489
top-5 force tail,R5,1,2.9750219287554,2.8132429435014816
top-5 force tail,R5,2,2.2201441769691663,2.3246232560141533
top-5 force tail,R5,3,1.3226571428387692,1.8099615910003097
top-5 force tail,R5,4,1.0015526887776265,1.7313045893967418
top-5 force tail,R5,5,0.8206759358878508,1.0834502487385596
top-5 force tail,R5,6,1.0952559646619258,1.1424258126279265
top-5 force tail,R5,7,0.9356332875334834,1.5064910133433713
top-5 force tail,R5,8,1.1907380734312836,1.4338770478740313
top-5 force tail,R5,9,0.9546944057688772,0.7769450018708445
top-5 force tail,R5,10,1.0484834842658932,1.292809385090218
top-5 force tail,R5,11,0.7643307776233655,1.134651621526877
top-5 force tail,R5,12,0.8587869359058276,0.9642394923452253
top-5 force tail,R5,13,0.5921336789255349,1.3274742979546015
top-5 force tail,R5,14,0.7217206324999331,0.9201301395621893
top-5 force tail,R5,15,0.5703075049787194,1.4107645428567168
top-5 force tail,R5,16,0.6808093292651544,1.3878275248739085
top-5 force tail,R5,17,0.5755228847821717,1.5135593163302654
top-5 force tail,R5,18,0.5715205198078153,0.6219802661326562
top-5 force tail,R5,19,0.6301379742645613,1.1115325171516863
top-5 force tail,R5,20,0.6091489780350974,0.11490438658569024
top-5 force tail,R5,21,0.9385234846667032,0.7889151493293258
top-5 force tail,R5,22,0.6257001032898761,0.047935586146435116
top-5 force tail,R5,23,1.0483121706138765,0.6905450023110896
top-5 force tail,R5,24,0.3130685484843724,0.4688928291432546
top-5 force tail,R5,25,0.983987845804077,0.7194061080609987
top-5 force tail,R5,26,0.0189929793685888,0.581082578002184
top-5 force tail,R5,27,0.6515680182201152,1.30743520515766
top-5 force tail,R5,28,-0.0887256183021042,1.028951491073475
top-5 force tail,R5,29,0.6470214278426281,1.4934310790937972
top-5 force tail,R5,30,-0.0159035204146659,0.8135759909203918
top-5 force tail,R6,1,3.4038751148866795,2.8520238541678
top-5 force tail,R6,2,2.930514099308087,2.170190085018516
top-5 force tail,R6,3,2.372297530291921,1.8200256517406843
top-5 force tail,R6,4,1.8177489722865603,1.4240192092124295
top-5 force tail,R6,5,1.6512405953991796,1.2435547546462835
top-5 force tail,R6,6,1.454762619297591,0.8880539385400624
top-5 force tail,R6,7,1.4505848438274038,0.9262435838769055
top-5 force tail,R6,8,1.47843499128703,1.3812703686946637
top-5 force tail,R6,9,1.5246772578714796,1.051992244585249
top-5 force tail,R6,10,1.3687436233122954,1.332969841945035
top-5 force tail,R6,11,1.5566420775791237,1.0997591008984982
top-5 force tail,R6,12,1.289044859608663,1.3108209278801002
top-5 force tail,R6,13,1.3954211322908936,0.41868554870795816
top-5 force tail,R6,14,1.0741798559541669,1.4592069575176776
top-5 force tail,R6,15,1.002975323599376,0.22216536642971807
top-5 force tail,R6,16,0.9133687743391318,1.4470371732421028
top-5 force tail,R6,17,1.0356853756829925,-0.12330796331115534
top-5 force tail,R6,18,0.895355167548207,1.5020551161732287
top-5 force tail,R6,19,0.815419541484226,-0.051091480672204925
top-5 force tail,R6,20,0.7868909264460082,1.6150596143024354
top-5 force tail,R6,21,0.4668192686345997,0.49059548078090476
top-5 force tail,R6,22,0.743946564335871,1.5153277712952589
top-5 force tail,R6,23,0.7176068203733688,-0.08472503755370109
top-5 force tail,R6,24,0.9856975723924224,1.2342041748117873
top-5 force tail,R6,25,0.326404676692637,1.0123263991155471
top-5 force tail,R6,26,0.8986292067721726,1.0943722553426105
top-5 force tail,R6,27,0.3152828642087723,0.7620585525230132
top-5 force tail,R6,28,1.0822689547158666,0.9332436749153137
top-5 force tail,R6,29,0.4308027710233856,0.5413827669820132
top-5 force tail,R6,30,1.0186817509993162,0.9885261314019114
top-5 force tail,R6c,1,3.8842981225656,2.4848963953638123
top-5 force tail,R6c,2,3.3406241536213845,2.4081941910838727
top-5 force tail,R6c,3,2.9874174786021053,2.2151217713730955
top-5 force tail,R6c,4,2.633901096592984,1.8851002531453496
top-5 force tail,R6c,5,2.542679192399663,1.7584798538078426
top-5 force tail,R6c,6,2.195114575187837,1.5773300551075602
top-5 force tail,R6c,7,1.8888785849294447,1.328809711388411
top-5 force tail,R6c,8,1.6874861180462877,1.377634964207698
top-5 force tail,R6c,9,1.3548718296999107,1.3564199891012803
top-5 force tail,R6c,10,1.2847809639269612,1.377348533407595
top-5 force tail,R6c,11,1.290712068663024,1.292275711814101
top-5 force tail,R6c,12,1.2491216045660816,1.2465183139624054
top-5 force tail,R6c,13,1.7535791749570409,1.011280834289429
top-5 force tail,R6c,14,1.831313160045602,1.1475949079052534
top-5 force tail,R6c,15,1.5460923637193849,1.4029164952191358
top-5 force tail,R6c,16,1.656935500780594,1.140309348508361
top-5 force tail,R6c,17,1.7483794050379629,1.1755200879734775
top-5 force tail,R6c,18,1.6000214842207403,1.3171821834807138
top-5 force tail,R6c,19,1.564731731247691,1.089383761419419
top-5 force tail,R6c,20,1.7664792713982311,0.9940645929226278
top-5 force tail,R6c,21,1.5106029826887957,1.0217661706581729
top-5 force tail,R6c,22,1.7160830366757227,1.06846899791399
top-5 force tail,R6c,23,1.6560040700768948,0.9189942445750904
top-5 force tail,R6c,24,1.6757791336099093,1.1359489413537691
top-5 force tail,R6c,25,1.5668034732221927,1.0965286856280474
top-5 force tail,R6c,26,1.6549336797125744,1.0789902474519475
top-5 force tail,R6c,27,1.4587589485500423,1.068598666782583
top-5 force tail,R6c,28,1.4654176061312671,1.1463862303921029
top-5 force tail,R6c,29,1.4794517942719871,1.0212225191771729
top-5 force tail,R6c,30,1.6065778483861053,1.0869799367824204
