regime_id,cycle,memory_coordinate,hot_excitation_coordinate,overload_number,overload_asinh,dimensionless_loop_number,amplifying_projection,amplified_memory_component,amplified_hot_component,one_step_gain,mode_angle_deg
R1,1,-5.1858429912322945,-3.1812847773907964,0.4901637071222786,0.24269241291416885,-0.0044493265046728,-4.294565536566722,0.15485421602104554,-2.7152845900368767,0.6332879761555275,76.62553087517243
R1,2,0.8863418927291516,-2.398076806110599,-0.684306982400717,-0.3358065483776062,-0.0039552003075704,-2.128015024909563,0.07673234825677373,-1.3454600600002056,0.6332879761555275,76.62553087517243
R1,3,-0.2323742805948882,-1.06113047844326,-0.6318633473061083,-0.3108989268529668,-0.0031117203777882,-1.0861031301344575,0.03916290188213827,-0.6867002185284014,0.6332879761555275,76.62553087517243
R1,4,0.3397160436391827,-1.4638476514223482,-0.7366626322448795,-0.3604737017647273,-0.0033657947903184,-1.345565492072032,0.04851864236454635,-0.8507480475963187,0.6332879761555275,76.62553087517243
R1,5,0.0621991740131326,-0.0909171611505362,-0.5983424721716318,-0.29487914523062236,-0.002499612439116,-0.07406383571831633,0.002670607100535791,-0.04682764533283604,0.6332879761555275,76.62553087517243
R1,6,0.218220091425795,-0.6190172776427071,-0.6702949334546247,-0.3291707193658112,-0.0028327909968177,-0.5517514872637191,0.019895154299350785,-0.34885072730658717,0.6332879761555275,76.62553087517243
R1,7,0.4774682053400503,-1.4065243075525418,-0.6644189414295862,-0.3263837809456625,-0.0033296294715905,-1.2579327513434728,0.04535876524828157,-0.7953413182177794,0.6332879761555275,76.62553087517243
R1,8,0.3273987448567831,-0.6416210249613928,-0.6859028201274618,-0.33656140701359283,-0.0028470517093135,-0.5484876032316819,0.019777464582274352,-0.34678710202472846,0.6332879761555275,76.62553087517243
R1,9,0.2084770527322772,-0.1324676901927811,-0.6193367837399641,-0.30492126714158,-0.0025258266831688,-0.08065129310660446,0.0029081388230696877,-0.050992635104593696,0.6332879761555275,76.62553087517243
R1,10,0.1206328993620824,0.2302092545617701,-0.5413236941749067,-0.2674615800896942,-0.0022970136653501,0.25186988880356387,-0.009081969721473787,0.15924740743608706,0.6332879761555275,76.62553087517243
R1,11,0.4452403931935751,0.3347065121272083,-0.5687772745670517,-0.2806883735732618,-0.0022310863071236,0.42861947337283735,-0.015455238010773557,0.27099920611978884,0.6332879761555275,76.62553087517243
R1,12,0.1674607713961629,0.5029145240656296,-0.5689707048752929,-0.280781398831636,-0.0021249638105338,0.5280110935446529,-0.019039118915539652,0.3338406116900206,0.6332879761555275,76.62553087517243
R1,13,-0.1613374625994025,0.5956179980295754,-0.4995414550308427,-0.24724402856779548,-0.0020664771547186,0.5421445903253926,-0.019548747082808723,0.34277666486823294,0.6332879761555275,76.62553087517243
R1,14,-0.0204484561198603,0.2565247815580707,-0.4760398578461868,-0.23582792160231114,-0.0022804111896907,0.2448375626309904,-0.00882839684035559,0.15480114465911546,0.6332879761555275,76.62553087517243
R1,15,0.0835696691859717,0.042851785541941,-0.5179204272612489,-0.25614989258568666,-0.0024152175614547,0.061020473351873834,-0.002200287195917779,0.0385808411953023,0.6332879761555275,76.62553087517243
R1,16,0.0283602222042555,0.3241820423195262,-0.4555326620374693,-0.225841608599821,-0.0022377261989956,0.32195004487938184,-0.011608932585435359,0.20355632908131888,0.6332879761555275,76.62553087517243
R1,17,0.2193923916369475,0.6206761542323954,-0.4411720602304538,-0.2188352152904842,-0.0020506679547552,0.6545914484788048,-0.02360337610525858,0.41387238305958085,0.6332879761555275,76.62553087517243
R1,18,0.0788331917165693,1.0780101955008423,-0.417726800319058,-0.20737388572376758,-0.0017621357399361,1.0670087862464903,-0.038474394598216076,0.6746276171734082,0.6332879761555275,76.62553087517243
R1,19,0.1870527521873725,0.5690542153537615,-0.3754066365373846,-0.18661822486051824,-0.0020832362549775,0.5968889209891456,-0.02152272799760682,0.3773893483114123,0.6332879761555275,76.62553087517243
R1,20,0.3473298096101995,0.4920112481114968,-0.405760898300131,-0.2015138375104815,-0.0021318426913429,0.5590098259276656,-0.020156876779506304,0.3534398888773379,0.6332879761555275,76.62553087517243
R1,21,0.0547643696923499,0.5146170566415345,-0.3932573063803424,-0.19538316649185394,-0.0021175806784281,0.5133279402124907,-0.018509671133544334,0.3245570323298971,0.6332879761555275,76.62553087517243
R1,22,0.0578404805438066,0.6866710485553175,-0.4157447724825666,-0.20640370923062543,-0.0020090317516575,0.6814272128470775,-0.0245710249202995,0.4308395795851891,0.6332879761555275,76.62553087517243
R1,23,0.1963575479170544,0.0977658519162682,-0.45373550180195,-0.2249653820194092,-0.0023805722567847,0.1405346800062348,-0.005067424751312999,0.08885454133545609,0.6332879761555275,76.62553087517243
R1,24,0.1255074898140406,0.7746596704786366,-0.46537146336234,-0.23063559531797,-0.0019535196977286,0.7826818541527806,-0.02822208297597,0.494858900018446,0.6332879761555275,76.62553087517243
R1,25,0.1771908372841582,0.5034474153272103,-0.4416486816790528,-0.21906792565147837,-0.0021246276092409,0.5307802367738321,-0.01913896917982211,0.3355914318541963,0.6332879761555275,76.62553087517243
R1,26,0.2308442792735848,0.4791647393800882,-0.3947559772598537,-0.19611837096208584,-0.0021399475584258,0.519566944591243,-0.01873463827482958,0.3285017089921938,0.6332879761555275,76.62553087517243
R1,27,0.1091248437910819,0.927761752466428,-0.3837496276996107,-0.1907165599936395,-0.0018569275378998,0.9278421197636034,-0.03345629792441417,0.5866380168913091,0.6332879761555275,76.62553087517243
R1,28,0.0771332902254827,0.7729499403805972,-0.3811606985429663,-0.1894451335245748,-0.0019545983670762,0.769828843947711,-0.027758626823800595,0.48673244805299004,0.6332879761555275,76.62553087517243
R1,29,0.1426235375365719,0.5429516239101534,-0.3690872372078156,-0.18351187329221547,-0.0020997043895184,0.5612171389382054,-0.02023646846878192,0.3548354859294435,0.6332879761555275,76.62553087517243
R1,30,0.2309232092389703,0.6481393644085093,-0.3875781794816255,-0.1925962080266283,-0.0020333414053556,0.6839770745626279,-0.02466296829234996,0.432451756687624,0.6332879761555275,76.62553087517243
R3,1,5.189181740004422,-3.2588694194602628,-0.1512654529385855,-0.07556080435517853,-0.0285023368199065,-0.5898487719731608,0.11537290583641939,-0.8140308038765166,1.393859096418066,-127.65319709200051
R3,2,-0.3650495826968131,-0.7312780667952341,0.0940901428104328,0.04702773500353612,0.0041834935626491,0.8019711980007499,-0.15686350791397605,1.1067739563320962,1.393859096418066,-127.65319709200051
R3,3,-0.309519793298096,0.919595017058178,1.636603566543645,0.7468958400065009,0.0255319435583594,-0.5389847350512467,0.10542403076693094,-0.7438350268717718,1.393859096418066,-127.65319709200051
R3,4,-0.5130951550545454,-0.0835182927659839,0.382096153918928,0.18990457189760607,0.0125600715566507,0.379563168739812,-0.07424158158285338,0.5238225898777426,1.393859096418066,-127.65319709200051
R3,5,-0.3550673595378642,1.1628839025394473,1.7236695406059184,0.780228511074184,0.0286780610019158,-0.7037779729604432,0.1376571651280914,-0.9712607303786044,1.393859096418066,-127.65319709200051
R3,6,-0.2101523811025945,-0.8136050877360556,-0.0544453849617507,-0.02721933125892652,0.0031188724799984,0.7725276957982058,-0.1511044344556302,1.0661399516418777,1.393859096418066,-127.65319709200051
R3,7,-0.4543844508784606,1.0778547267930596,1.765680002666378,0.7960574760262535,0.0275784967020599,-0.5757875597656948,0.11262256881947347,-0.7946253894370973,1.393859096418066,-127.65319709200051
R3,8,0.1365644201596123,-0.9665115426109862,-0.1038968756454593,-0.05192510112773592,0.001141545550481,0.6817846853728557,-0.13335533452600704,0.9409085207521921,1.393859096418066,-127.65319709200051
R3,9,-0.3439416013546611,0.8936731935091357,1.7167607759366876,0.777609588607892,0.0251967325968101,-0.4974342244468017,0.09729685754016375,-0.6864925398548537,1.393859096418066,-127.65319709200051
R3,10,0.1636681077971491,-1.0169161759850929,-0.1305099313191159,-0.06520874261345819,0.0004897323943615,0.7051340684130594,-0.13792241391794052,0.9731322329126075,1.393859096418066,-127.65319709200051
R3,11,-0.258034972687468,0.8936168847408211,1.671934885874651,0.7605084058259138,0.0251960044336724,-0.5498683289478791,0.1075528337982529,-0.7588551152566373,1.393859096418066,-127.65319709200051
R3,12,-0.0094026274369155,-0.7096320834421516,-0.0061351037678762,-0.003067547073078732,0.0044634110182918,0.5675757846984895,-0.11101636669344504,0.7832925899521566,1.393859096418066,-127.65319709200051
R3,13,-0.3982422058879991,1.0308728476961364,1.9149106640929163,0.8509677587454352,0.0269709452758388,-0.5728871381671102,0.11205525379928614,-0.7906226134076101,1.393859096418066,-127.65319709200051
R3,14,-0.1693934995869139,-0.5844092861680755,0.0124780480972743,0.006238983573239761,0.0060827436320919,0.56616934667309,-0.1107412710255735,0.7813516112965793,1.393859096418066,-127.65319709200051
R3,15,-0.1807365732073469,0.8498270508080275,1.6699888228170137,0.7597616915697145,0.0246297312966408,-0.5624190048159788,0.11000771378430393,-0.7761758883963799,1.393859096418066,-127.65319709200051
R3,16,0.031373060361619,-0.5972612042763141,0.0144235406594201,0.0072117078175871294,0.0059165476151078,0.4537001240691611,-0.08874257975836711,0.6261365527293148,1.393859096418066,-127.65319709200051
R3,17,-0.421809520373968,0.9023941517183424,1.551470733875137,0.7136084429902004,0.0253095086436576,-0.45677081157357363,0.08934319835271383,-0.6303743071105077,1.393859096418066,-127.65319709200051
R3,18,-0.1326590902917286,-0.5514029809433476,0.0405229384132006,0.020260083148826095,0.0065095683610944,0.5175971673401136,-0.10124067741798326,0.7143187512362107,1.393859096418066,-127.65319709200051
R3,19,-0.3724715663035962,0.9843629401215384,1.7514002205510748,0.7906955206932408,0.0263694972021663,-0.551806965277934,0.10793202608852466,-0.7615305632106947,1.393859096418066,-127.65319709200051
R3,20,-0.1453407675049511,-0.6009200844503769,0.0673000547823305,0.03364368016730724,0.0058692323967544,0.5645479768569829,-0.11042413525110374,0.7791140123771618,1.393859096418066,-127.65319709200051
R3,21,-0.2329049104455833,0.6564179636489694,1.2147586301029367,0.5751423004796097,0.0221286400460079,-0.37742399939305527,0.0738231655492217,-0.5208703929321709,1.393859096418066,-127.65319709200051
R3,22,-0.0119003731934355,-0.5186792648679638,0.254642992095905,0.12697998505784952,0.006932738756894,0.41791990797989614,-0.08174406132818661,0.5767574585445682,1.393859096418066,-127.65319709200051
R3,23,-0.1915337136026487,0.755459505672826,1.1666165234134838,0.5544592557489686,0.0234094068281878,-0.481110304717427,0.09410394073961116,-0.6639644375155591,1.393859096418066,-127.65319709200051
R3,24,0.1606930505141211,-0.6261870474196362,0.4087442645727581,0.20297552484669584,0.0055424898380632,0.3976023117111797,-0.07776999164708592,0.5487178151489652,1.393859096418066,-127.65319709200051
R3,25,-0.2500246254213409,0.889539442265288,1.5370876953165744,0.7079162826564238,0.0251432765300857,-0.5515334898101124,0.1078785349889467,-0.7611531487521266,1.393859096418066,-127.65319709200051
R3,26,0.0102495762910281,-0.5895118989808145,0.3011511083289425,0.15001228256338342,0.006016758623586,0.4604687471494106,-0.09006650505987707,0.6354777058332215,1.393859096418066,-127.65319709200051
R3,27,-0.3606247205222571,0.8667332696301759,1.2999578709115958,0.6112066522451491,0.0248483559569319,-0.46591387997261313,0.09113155906410364,-0.6429923537563804,1.393859096418066,-127.65319709200051
R3,28,-0.0205856487778998,-0.4771653464025627,0.2303791373520534,0.11493634300597984,0.0074695806384128,0.3903580576620121,-0.07635303414885493,0.5387202594578635,1.393859096418066,-127.65319709200051
R3,29,-0.2004365721297747,0.8304775686418375,1.2755409391683177,0.6009419127901608,0.0243795113030459,-0.5350652330833293,0.10465738624217,-0.7384258516910451,1.393859096418066,-127.65319709200051
R3,30,0.2155817561689443,-0.5878406825389264,0.1552917562310846,0.07756806938160346,0.0060383701459923,0.333712179491322,-0.06527324577132536,0.4605451543553708,1.393859096418066,-127.65319709200051
R5,1,1.091518080356778,2.792244738571154,19.53900651575294,2.9750219287554,0.0840126270972467,-2.9978791249767647,1.68987045013606,1.2068873101860167,0.692687418385032,-111.87901633542802
R5,2,1.564727395991815,2.09610896351897,9.100064995619991,2.2201441769691663,0.0718686842628841,-2.5282245483535277,1.4251314937870707,1.0178135933790509,0.692687418385032,-111.87901633542802
R5,3,4.808593991726723,0.1269204649767168,3.4869549818010617,1.3226571428387692,0.0375166032272718,-1.9096914430253988,1.076471399917208,0.76880430226687,0.692687418385032,-111.87901633542802
R5,4,-0.0951470661963391,0.6719856502936357,2.355197070407784,1.0015526887776263,0.0470251512558424,-0.5881280410275019,0.33152110408603847,0.23676880884453755,0.692687418385032,-111.87901633542802
R5,5,-0.1310779075270429,0.0316498926464827,1.8319010171202392,0.8206759358878508,0.0358546280413411,0.019475674577487737,-0.010978216796922293,-0.00784052442576868,0.692687418385032,-111.87901633542802
R5,6,-0.3477424215848257,0.2787687936960201,2.6554939188697593,1.0952559646619258,0.0401655655267923,-0.12910435459587413,0.07277465992467133,0.05197487982532447,0.692687418385032,-111.87901633542802
R5,7,-0.2988622905098283,0.5548878965497543,2.156489762654354,0.9356332875334834,0.0449824054604674,-0.4035504502875057,0.22747681032177788,0.1624614926646245,0.692687418385032,-111.87901633542802
R5,8,-0.2783087101875618,0.9751087618403792,2.9855114009550303,1.1907380734312836,0.0523130704668926,-0.8011632297355759,0.4516066229575585,0.32253259556053815,0.692687418385032,-111.87901633542802
R5,9,-0.3161499364998429,0.47508885097905,2.2129468066159053,0.9546944057688772,0.0435903278193281,-0.3230569012518145,0.18210350997463773,0.13005636929802963,0.692687418385032,-111.87901633542802
R5,10,-0.2791356665388468,0.8286867027300477,2.5028518917470652,1.0484834842658932,0.0497587683045131,-0.664979379069437,0.3748413314189166,0.26770764953390197,0.692687418385032,-111.87901633542802
R5,11,-0.3331013079181786,0.3681269089396388,1.681911253569227,0.7643307776233655,0.0417243991368356,-0.21748223535843172,0.12259226861409832,0.08755408043578615,0.692687418385032,-111.87901633542802
R5,12,-0.2853544975010235,0.2546045207898546,1.936620049822636,0.8587869359058276,0.0397440248456164,-0.12992929895000063,0.07323967169763791,0.052306986234922484,0.692687418385032,-111.87901633542802
R5,13,-0.317625105429816,-0.0582483253299479,1.2546958675863102,0.5921336789255349,0.0342863724522141,0.1724152062689526,-0.0971884956269792,-0.069410978846826,0.692687418385032,-111.87901633542802
R5,14,-0.340824404881327,-0.2711205988600444,1.5720557237636403,0.7217206324999331,0.0305728602130586,0.37860005581759015,-0.2134125560352495,-0.1524169534372099,0.692687418385032,-111.87901633542802
R5,15,-0.2175590344596249,0.0376621924163661,1.2034593224207324,0.5703075049787194,0.0359595113519324,0.04612343883937873,-0.02599925917757877,-0.01856839142499399,0.692687418385032,-111.87901633542802
R5,16,-0.2957775968800007,0.1478925507305779,1.4692687575947816,0.6808093292651544,0.0378824568719766,-0.027019347460941975,0.01523049961414255,0.010877459103815728,0.692687418385032,-111.87901633542802
R5,17,-0.2907744499267145,0.1022422301552875,1.2156492885011925,0.5755228847821717,0.0370860965881008,0.013478495534031673,-0.0075976750114724895,-0.00542617782181188,0.692687418385032,-111.87901633542802
R5,18,-0.2636683189810429,-0.5990914147216033,1.2062915821679872,0.5715205198078153,0.0248514780030099,0.6541959922463986,-0.36876285861031716,-0.2633664695946831,0.692687418385032,-111.87901633542802
R5,19,-0.2743223568361801,-0.1107049496524622,1.3453513369618553,0.6301379742645613,0.033371277624616,0.2049568458315588,-0.11553184864534113,-0.08251160439024614,0.692687418385032,-111.87901633542802
R5,20,-0.2799421117869594,-0.6853965322198756,1.2950523480905578,0.6091489780350974,0.0233459032993777,0.7403491887038323,-0.41732643799723196,-0.29805005595750733,0.692687418385032,-111.87901633542802
R5,21,-0.2325729609618516,0.1086168315472033,2.1649993262837604,0.9385234846667033,0.0371973001746274,-0.014125626807335435,0.007962455568168025,0.005686700174186871,0.692687418385032,-111.87901633542802
R5,22,-0.2911582870528119,-0.5569401876786882,1.3346675591564483,0.6257001032898761,0.0255867973328763,0.6253248806925993,-0.352488540586329,-0.25174352660310556,0.692687418385032,-111.87901633542802
R5,23,-0.2962163609789922,0.1008132006655044,2.5023030755806075,1.0483121706138763,0.037061167467871,0.016832513030741493,-0.0094882966211657,-0.00677643945217442,0.692687418385032,-111.87901633542802
R5,24,-0.3561399228562518,-1.306274398381778,0.6364154875552253,0.31306854848437243,0.0125148189276171,1.3449019142318006,-0.7581059503889626,-0.5414311204904978,0.692687418385032,-111.87901633542802
R5,25,-0.3325622269551702,-0.1842893583153432,2.301285500706335,0.983987845804077,0.0320876130230727,0.29494414336755476,-0.16625666731022298,-0.11873872461310325,0.692687418385032,-111.87901633542802
R5,26,-0.3385715893705597,-1.878209157915664,0.037988242578192,0.01899297936858887,0.0025375368029572,1.8690950066603995,-1.0535876493275065,-0.7524609735851068,0.692687418385032,-111.87901633542802
R5,27,-0.0712852377919092,-0.3420032596023347,1.3973189471104497,0.6515680182201152,0.0293363270382805,0.3439340177509773,-0.19387170368266676,-0.13846108674183583,0.692687418385032,-111.87901633542802
R5,28,-0.3897981367008295,-1.8430156548625092,-0.1776841512459981,-0.08872561830210429,0.0031514800946756,1.8555258613233294,-1.045938876050534,-0.7469983019313567,0.692687418385032,-111.87901633542802
R5,29,-0.1381874018999138,-0.1671456231159707,1.3862406953954023,0.6470214278426281,0.0323866818939593,0.2066018429949193,-0.1164591148829157,-0.08317384796945222,0.692687418385032,-111.87901633542802
R5,30,-0.3729741598618826,-1.948969690390416,-0.0318083816294808,-0.01590352041466596,0.0013031341302343,1.947578903028556,-1.0978281312665894,-0.7840570502219247,0.692687418385032,-111.87901633542802
R6,1,-0.048222724968865,2.9682268632719997,30.04719545167167,3.4038751148866795,0.1493642776320365,2.8870568644305274,0.5278837799076854,2.0247419135627185,0.7247604715215745,104.39255678983638
R6,2,-0.0170011805116463,2.394530450294945,18.683891239996104,2.930514099308087,0.1320293483374345,2.32360509575363,0.4248594671172614,1.62958363789218,0.7247604715215745,104.39255678983638
R6,3,1.47944052068051,1.7131082774535478,10.62873192441934,2.372297530291921,0.1114393552351905,1.2916074228307024,0.2361638999636345,0.9058261778954919,0.7247604715215745,104.39255678983638
R6,4,4.179744772756233,0.3724258254288738,5.995590164334436,1.8177489722865605,0.0709290173863623,-0.6781969093521769,-0.12400488277225341,-0.475630987713471,0.7247604715215745,104.39255678983638
R6,5,-0.5384989533432996,0.1795736716622575,5.021631790909491,1.6512405953991796,0.0651017568802212,0.3077893195566923,0.05627772401180253,0.2158578667193344,0.7247604715215745,104.39255678983638
R6,6,-0.5724583671437127,-0.2794760321123501,4.050010757392497,1.4547626192975913,0.0512310162277795,-0.12841223068143262,-0.02347952842690657,-0.09005767391632812,0.7247604715215745,104.39255678983638
R6,7,-0.5127004601268317,0.4547419954819196,4.031175359386061,1.4505848438274038,0.0734162997806642,0.5679090339204238,0.10383930124936036,0.39828423133480806,0.7247604715215745,104.39255678983638
R6,8,-0.5068973189123651,0.6837817245352504,4.158081837297193,1.47843499128703,0.0803370115351459,0.7883180040823135,0.1441399692854119,0.5528607779592195,0.7247604715215745,104.39255678983638
R6,9,-0.4922857818085928,0.638099703355661,4.375969458501777,1.5246772578714796,0.0789566741489082,0.7404377891746089,0.13538531358753844,0.5192815716926529,0.7247604715215745,104.39255678983638
R6,10,-0.6037196897830864,0.526689343344141,3.675983102990614,1.3687436233122954,0.0755902757022735,0.6602224564244173,0.12071834475141326,0.4630251992149568,0.7247604715215745,104.39255678983638
R6,11,-0.5819610826466977,0.6712083298190287,4.532025414098908,1.5566420775791237,0.0799570912437364,0.7947973732887322,0.14532468925066153,0.5574048694065736,0.7247604715215745,104.39255678983638
R6,12,-0.6155581698462222,0.4327027283351637,3.353784560198973,1.289044859608663,0.0727503567329967,0.572128188747186,0.10461075242006887,0.4012431961279178,0.7247604715215745,104.39255678983638
R6,13,-0.4871907080093473,-0.1590324918809354,3.788945500727459,1.3954211322908936,0.0548703631134757,-0.03294323092764769,-0.006023503547405413,-0.023103646225042684,0.7247604715215745,104.39255678983638
R6,14,-0.428735446543048,0.0822442833264443,2.5860130860035166,1.0741798559541669,0.0621608319817494,0.18623130665785906,0.03405145472085785,0.13060717191037946,0.7247604715215745,104.39255678983638
R6,15,-0.4805332548908287,-0.7370919679028939,2.359595132828072,1.002975323599376,0.0374035986048468,-0.5945153797015885,-0.10870413732291741,-0.4169437125987813,0.7247604715215745,104.39255678983638
R6,16,1.1981001681699537,-0.3792966930609566,2.0915352758246235,0.9133687743391318,0.0482148145215406,-0.6651972803049074,-0.12162796619557768,-0.4665141275237547,0.7247604715215745,104.39255678983638
R6,17,-0.5585007798378147,-0.7499258608261012,2.462053301503398,1.0356853756829925,0.0370158070458168,-0.5875665624156633,-0.1074335811451105,-0.4120703892562994,0.7247604715215745,104.39255678983638
R6,18,0.2909067639011674,-0.2631098365306546,2.0397426578404114,0.895355167548207,0.0517255405734314,-0.32716122100669626,-0.059819778443572225,-0.22944370955273014,0.7247604715215745,104.39255678983638
R6,19,-0.6643919888869442,-0.9324256322362736,1.8176700283655625,0.815419541484226,0.0315013562629375,-0.7380179138175673,-0.13494285158891323,-0.5175844720887743,0.7247604715215745,104.39255678983638
R6,20,0.4722137559868318,-0.2260970636921309,1.7412985151411131,0.7868909264460082,0.0528439261614177,-0.3363764786926153,-0.06150474181232313,-0.23590652596304756,0.7247604715215745,104.39255678983638
R6,21,-0.4144573645508017,-1.2227287526159003,0.9679197289945666,0.46681926863459977,0.0227294972239924,-1.0813347686962111,-0.19771660616651998,-0.7583584015078728,0.7247604715215745,104.39255678983638
R6,22,0.4099048223097154,-0.3198483781222025,1.6289889373379245,0.743946564335871,0.0500111170830275,-0.4116976898391906,-0.07527684520839596,-0.28873056800659086,0.7247604715215745,104.39255678983638
R6,23,-0.4941263309602317,-0.9159040834490786,1.561603924891177,0.7176068203733688,0.0320005747931304,-0.7643368090889981,-0.1397551287872073,-0.5360423594380923,0.7247604715215745,104.39255678983638
R6,24,0.1542177180467102,-0.214954767003655,2.3065016868568766,0.9856975723924223,0.0531806040992697,-0.24654149228840883,-0.04507886784521575,-0.1729037273282475,0.7247604715215745,104.39255678983638
R6,25,-0.5412476351802825,-1.1315458086531165,0.6644629788471983,0.32640467669263706,0.0254846998899218,-0.961498055330882,-0.1758050678097991,-0.6743148832371497,0.7247604715215745,104.39255678983638
R6,26,1.518111063018313,-0.5990790668682923,2.0491064488630295,0.8986292067721726,0.0415738249250058,-0.9576250919685666,-0.1750969160015228,-0.6715987083858728,0.7247604715215745,104.39255678983638
R6,27,-0.5336955229596304,-1.1299639076912027,0.641064490786871,0.31528286420877233,0.025532498936082,-0.9618429852621161,-0.17586813650724892,-0.674556788444358,0.7247604715215745,104.39255678983638
R6,28,-0.0278981826297263,-0.3105032905618285,2.6125426089296977,1.0822689547158666,0.0502934901787042,-0.29382380210415515,-0.05372419961398426,-0.20606361261955547,0.7247604715215745,104.39255678983638
R6,29,-0.4747734847238488,-1.1690481661836147,0.8885049903893575,0.43080277102338566,0.0243515209097735,-1.0143465031974013,-0.1854681398350657,-0.7113783954874298,0.7247604715215745,104.39255678983638
R6,30,-0.1077851566054686,-0.3773013969180492,2.4084708037335725,1.0186817509993162,0.0482751048018643,-0.33866845019090724,-0.06192381723576398,-0.2375139244228622,0.7247604715215745,104.39255678983638
R6c,1,-0.2754025104558324,2.7089521858398538,48.61223395953652,3.8842981225655997,0.1918130387436148,2.5308229167828284,1.221989417580305,1.8829104819836484,0.8869387196732684,74.15472952838121
R6c,2,-0.2098969217089957,2.546931153472051,28.201330426791397,3.3406241536213845,0.1870502994318581,2.392843942977432,1.1553672747505255,1.7802553122565672,0.8869387196732684,74.15472952838121
R6c,3,-0.0151018284010076,2.1535881930603806,19.78397607397927,2.9874174786021053,0.1754876649196755,2.067633944057314,0.9983419947373099,1.5383018702547904,0.8869387196732684,74.15472952838121
R6c,4,1.7683135269719954,1.165692302317534,13.856200700454478,2.633901096592984,0.1464476660627194,1.6042200614706987,0.7745859758055281,1.1935259275237673,0.8869387196732684,74.15472952838121
R6c,5,0.4053756749471209,1.3590718767406478,12.635032413059328,2.5426791923996634,0.1521322150853731,1.4181145719031274,0.6847262952656237,1.0550650440152003,0.8869387196732684,74.15472952838121
R6c,6,2.4100825935151367,0.3254415112674467,8.869684197764135,2.195114575187837,0.1217478143472691,0.9711255508043044,0.4689009011081816,0.7225090569576493,0.8869387196732684,74.15472952838121
R6c,7,4.09843299130638,-0.7956890925373972,6.46070846378988,1.8888785849294447,0.0887912733209576,0.35358295649093896,0.17072495598306667,0.26306267839311137,0.8869387196732684,74.15472952838121
R6c,8,-0.2424572138704173,-0.2003683987300176,5.220889912700941,1.6874861180462877,0.1062912066941887,-0.2589555339775318,-0.1250347940371345,-0.19266068995210062,0.8869387196732684,74.15472952838121
R6c,9,-0.3993024635102596,-1.1338703824156755,3.618283745106838,1.3548718296999107,0.0788501607365896,-1.1998119257144861,-0.5793204520897584,-0.8926497529145974,0.8869387196732684,74.15472952838121
R6c,10,-0.432919023706478,-1.3076992218296348,3.337165114520227,1.2847809639269612,0.0737403213849029,-1.3762143941393619,-0.6644950995219316,-1.0238916721505809,0.8869387196732684,74.15472952838121
R6c,11,-0.3615051012805463,-1.0319644468620426,3.3602994292629385,1.290712068663024,0.0818457681479832,-1.0914579469086803,-0.5270025223857981,-0.8120353246568367,0.8869387196732684,74.15472952838121
R6c,12,-0.4223870798641701,-0.7854160398661246,3.2005218303594845,1.2491216045660816,0.0890932580145136,-0.8709009898661992,-0.4205082016285655,-0.6479428456707453,0.8869387196732684,74.15472952838121
R6c,13,-0.3377801585397438,-0.2935440657563071,5.6020832216141505,1.7535791749570409,0.1035522325884204,-0.3746177817931911,-0.18088146821849316,-0.2787124074933415,0.8869387196732684,74.15472952838121
R6c,14,-0.349221690411318,0.0481409055979148,6.081875069256289,1.831313160045602,0.1135963387240421,-0.04903996558486625,-0.023678590305870547,-0.03648531259280738,0.8869387196732684,74.15472952838121
R6c,15,-0.2909234195362545,-0.1726367748356464,4.480016410848932,1.5460923637193849,0.1071064002117855,-0.24551087437493863,-0.11854313804319279,-0.18265797884791746,0.8869387196732684,74.15472952838121
R6c,16,-0.2495233018987829,-0.2713364435180581,5.052495806182546,1.656935500780594,0.1042050436087492,-0.32915630240671084,-0.1589307239173299,-0.24488945785287372,0.8869387196732684,74.15472952838121
R6c,17,-0.3338017776840794,-0.1099384109987103,5.5712285596124005,1.7483794050379629,0.108949469335991,-0.1969024131708906,-0.09507289648566916,-0.1464937018029853,0.8869387196732684,74.15472952838121
R6c,18,-0.3140825652514444,-0.1393579487175205,4.751246657128263,1.6000214842207405,0.1080846582261037,-0.21981994154269793,-0.10613845818962464,-0.16354414579346718,0.8869387196732684,74.15472952838121
R6c,19,-0.4395788440401266,-0.2914544743938368,4.5722479532639895,1.564731731247691,0.1036136578168744,-0.40040274626214484,-0.19333155056317167,-0.29789619927672173,0.8869387196732684,74.15472952838121
R6c,20,-0.269878463283372,-0.2721145290083753,5.679286281566324,1.7664792713982311,0.1041821711563368,-0.33546260462613686,-0.16197567602563384,-0.2495812924623882,0.8869387196732684,74.15472952838121
R6c,21,-0.4164011720600044,-0.4400689293414621,4.30868434449933,1.5106029826887957,0.0992450156935015,-0.537041790806398,-0.25930671830569185,-0.399554473158506,0.8869387196732684,74.15472952838121
R6c,22,-0.3084165713418222,-0.1233276988970885,5.382927936904656,1.7160830366757227,0.1085558803870867,-0.20285175478174358,-0.09794549276327603,-0.15091996079000938,0.8869387196732684,74.15472952838121
R6c,23,-0.3342067156754084,-0.4279747535887206,5.047436657719826,1.6560040700768948,0.0996005337732167,-0.5029647531875991,-0.24285286881803467,-0.37420145027338353,0.8869387196732684,74.15472952838121
R6c,24,-0.3866113282000066,-0.1475451043893673,5.155794106464999,1.6757791336099093,0.1078439901622115,-0.24749929076645422,-0.11950323041949545,-0.18413734354044686,0.8869387196732684,74.15472952838121
R6c,25,-0.3762134396595352,-0.2575901581902543,4.5825968762458675,1.5668034732221927,0.104609126785881,-0.3505238702368287,-0.16924789845952407,-0.26078674453185235,0.8869387196732684,74.15472952838121
R6c,26,-0.4003231315236201,-0.2737444410276422,5.041628144916011,1.6549336797125744,0.1041342585740293,-0.3726472522698235,-0.17993001238623532,-0.2772463504768657,0.8869387196732684,74.15472952838121
R6c,27,-0.3379563735118994,-0.4648256865556925,4.068094254880477,1.4587589485500425,0.0985172707884563,-0.5394392532027842,-0.26046431556704225,-0.40133816456037447,0.8869387196732684,74.15472952838121
R6c,28,-0.3735362077675651,-0.4828760447419762,4.098369314256581,1.4654176061312671,0.0979866659079125,-0.5665184771676942,-0.27353932168539663,-0.4214848742765672,0.8869387196732684,74.15472952838121
R6c,29,-0.3960134447980432,-0.6615895812808568,4.162775588037278,1.4794517942719871,0.0927332369328115,-0.7445785511587807,-0.3595143318956211,-0.5539600377964219,0.8869387196732684,74.15472952838121
R6c,30,-0.4087640387598529,-0.2228855008134296,4.785147278607196,1.6065778483861053,0.1056292982634607,-0.3260255305406963,-0.15741905351804678,-0.2425601905129399,0.8869387196732684,74.15472952838121
