run,tag,regime_id,cycle,Z_geom_cold,Z_geom_hot,cycle_birth_positive_fraction_cold,cycle_birth_positive_fraction_hot,force_h1_birth_force_share_cold,force_h1_birth_force_share_hot,force_p99_cold,force_p99_hot,force_proxy_gini_cold,force_proxy_gini_hot,force_proxy_q99_q50_cold,force_proxy_q99_q50_hot,force_share_top5_edges_cold,force_share_top5_edges_hot,orientation_entropy_cold,orientation_entropy_hot,force_p99_delta,force_share_top5_edges_delta,force_h1_birth_force_share_delta,Z_geom_delta,orientation_entropy_delta,cycle_birth_positive_fraction_delta,force_proxy_gini_delta,force_proxy_q99_q50_delta,fabric_reservoir,thermal_rewrite,loop_activation,overload_delta
R1_low_expansion_low_friction,a050_mu010_g002,R1,1,3.0821877163485314,2.858470972208486,0.3734248109773173,0.0073327222731439,0.5772652476345654,0.4864989869392386,0.0015791092079688,0.0020838787433817,0.4614889171013114,0.5854417256265685,5.1288849569326525,11.964982952361323,0.1720521500856151,0.2756554538484581,0.937793437653732,0.9254345532627968,0.0005047695354129,0.10360330376284296,-0.09076626069532684,-0.2237167441400456,-0.012358884390935243,-0.36609208870417337,0.12395280852525709,6.836097995428671,1.4036519349454257,-2.5662584198155614,-0.09076626069532684,0.0005047695354129
R1_low_expansion_low_friction,a050_mu010_g002,R1,2,3.8563940263079814,4.606468202947285,0.5737704918032787,0.2767388572695691,0.6383273569603629,0.5576412706859248,0.0013034922195961,0.0005987943552559,0.4164479266583276,0.5548417272225904,4.127421038110549,9.936499856701989,0.155120833567416,0.2703582165826844,0.94809461266456,0.9376086170261864,-0.0007046978643402,0.1152373830152684,-0.08068608627443807,0.7500741766393038,-0.010485995638373602,-0.29703163453370957,0.13839380056426281,5.8090788185914395,2.0923325051057544,-2.1500523542154775,-0.08068608627443807,-0.0007046978643402
R1_low_expansion_low_friction,a050_mu010_g002,R1,3,3.497774700820888,4.854514884778953,0.5005594092638174,0.225562372188139,0.6270775069334835,0.5635984112266039,0.001109159737461,0.00045846821618,0.4209736669615982,0.5906294448692899,4.07552018522009,12.551919732011322,0.1524480692984011,0.2925271500782715,0.9472886567200844,0.9377294126197656,-0.000650691521281,0.1400790807798704,-0.0634790957068796,1.356740183958065,-0.009559244100318831,-0.27499703707567835,0.1696557779076917,8.476399546791232,1.6299485079752587,-1.2946409774864305,-0.0634790957068796,-0.000650691521281
R1_low_expansion_low_friction,a050_mu010_g002,R1,4,3.545445554346751,4.951043418059539,0.5273496852615585,0.204694214876033,0.6328304677853313,0.5641682540628358,0.0010963498276984,0.0003377362273213,0.4157326277681907,0.5836741591010148,4.049473982983189,11.53856834099346,0.1499820214942882,0.2809508352334987,0.9484382464840188,0.935604424954566,-0.0007586136003771,0.1309688137392105,-0.06866221372249548,1.4055978637127882,-0.012833821529452782,-0.32265547038552544,0.16794153133282413,7.489094358010272,1.6502229874217564,-0.9031090958417232,-0.06866221372249548,-0.0007586136003771
R1_low_expansion_low_friction,a050_mu010_g002,R1,5,3.528236574028286,5.031351992879043,0.5166120218579235,0.2122836476362697,0.6300397481750608,0.5790476544170935,0.0010322534378066,0.0004160816419203,0.4139673085262816,0.5836374951876209,3.988884453968974,12.067097100205512,0.1493042743191577,0.2893182447545788,0.946586532193162,0.9349753364045004,-0.0006161717958862999,0.1400139704354211,-0.050992093757967316,1.503115418850757,-0.011611195788661655,-0.3043283742216538,0.16967018666133926,8.078212646236537,1.7814891115049742,-0.8621079858334197,-0.050992093757967316,-0.0006161717958862999
R1_low_expansion_low_friction,a050_mu010_g002,R1,6,3.576896449411532,5.049154386311938,0.5378973105134475,0.2259760241041092,0.6316087001253426,0.5738197637902611,0.0010571411676117,0.0003668728812552,0.4070509925602284,0.5770415520766793,3.860102272338168,11.60504339554742,0.1510553719506481,0.2851480481126416,0.947523728598579,0.935155643670064,-0.0006902682863565001,0.1340926761619935,-0.05778893633508153,1.4722579369004056,-0.012368084928515044,-0.31192128640933825,0.16999055951645087,7.744941123209253,1.7585196920190915,-0.8633749647154763,-0.05778893633508153,-0.0006902682863565001
R1_low_expansion_low_friction,a050_mu010_g002,R1,7,3.579467906240728,5.076055780832756,0.5310770540655598,0.2166030534351145,0.634215708471902,0.5662912672514553,0.00101865551143,0.0003344383090714,0.4106190947675994,0.5989263579695748,3.991397011802992,13.09341031361232,0.148530037170044,0.2861473077551307,0.9467576289207464,0.9344457402429254,-0.0006842172023585999,0.1376172705850867,-0.06792444122044672,1.496587874592028,-0.01231188867782107,-0.31447400063044534,0.18830726320197544,9.102013301809329,1.8824850690842037,-0.8066404178170271,-0.06792444122044672,-0.0006842172023585999
R1_low_expansion_low_friction,a050_mu010_g002,R1,8,3.541489466917219,5.099396696666997,0.525805408899903,0.197290967782771,0.6327066045862979,0.5746267497163013,0.0010721091017926,0.0003657678471804,0.416311130521461,0.5961807932505823,4.090037285572669,12.969973532211991,0.153913747922985,0.2889060770102938,0.9468117618743516,0.9335956174743888,-0.0007063412546122001,0.1349923290873088,-0.05807985486999656,1.5579072297497776,-0.01321614439996277,-0.328514441117132,0.17986966272912125,8.879936246639321,1.8139188623454539,-0.6140026757422381,-0.05807985486999656,-0.0007063412546122001
R1_low_expansion_low_friction,a050_mu010_g002,R1,9,3.5329838789437247,5.116407872613984,0.528178955369747,0.1912578616352201,0.6315107237782389,0.5799838594415937,0.0010428493420751,0.0004050576491163,0.4204306151580176,0.589947526020888,4.164662680643757,12.228158433918386,0.150731821289245,0.2886549550965778,0.947151820248786,0.9334863216324472,-0.0006377916929588,0.1379231338073328,-0.05152686433664522,1.5834239936702597,-0.013665498616338811,-0.33692109373452694,0.16951691086287035,8.06349575327463,1.7507242356565138,-0.5171055651240147,-0.05152686433664522,-0.0006377916929588
R1_low_expansion_low_friction,a050_mu010_g002,R1,10,3.5452477499752746,5.15755118188112,0.5319585402720794,0.2080491132332878,0.6306273598162998,0.5837682810431576,0.0009631427839378,0.000405688803469,0.4135549045610853,0.6008724338279066,3.961150005324601,14.042604926645769,0.1480647656979677,0.2967282812982167,0.9470253809106404,0.9330888479960098,-0.0005574539804688,0.148663515600249,-0.046859078773142215,1.6123034319058451,-0.013936532914630595,-0.32390942703879166,0.18731752926682127,10.081454921321168,1.7624754721070013,-0.5544639699498114,-0.046859078773142215,-0.0005574539804688
R1_low_expansion_low_friction,a050_mu010_g002,R1,11,3.543071901889032,5.147067550192859,0.5161220515040035,0.2120136943666355,0.633891624435229,0.5883774637699055,0.0010214015982495,0.0004356759795126,0.4140213683747255,0.6001276160087512,3.947470943806285,14.182070475600584,0.1509011234208014,0.2894897332137603,0.9469861244810373,0.932142079368721,-0.0005857256187369,0.13858860979295892,-0.04551416066532343,1.603995648303827,-0.014844045112316295,-0.30410835713736795,0.18610624763402572,10.234599531794299,1.816160052202654,-0.6973861299687193,-0.04551416066532343,-0.0005857256187369
R1_low_expansion_low_friction,a050_mu010_g002,R1,12,3.583028384927307,5.185441598259321,0.5137956748695004,0.2213810930576071,0.6310982625796844,0.587749000844794,0.0010422983577861,0.0004563735449321,0.4156916524546365,0.5981750827576264,4.034421267235872,14.077521998213731,0.1516790075948072,0.2948735298075308,0.9456742673189166,0.93120133398822,-0.0005859248128540001,0.14319452221272358,-0.0433492617348904,1.6024132133320141,-0.014472933330696547,-0.2924145818118933,0.1824834303029899,10.043100730977859,1.949694741101903,-0.7763160202671588,-0.0433492617348904,-0.0005859248128540001
R1_low_expansion_low_friction,a050_mu010_g002,R1,13,3.547423598061517,5.172584314113342,0.508399741546414,0.2315965139996291,0.6277918557271203,0.5856357217708598,0.001013515495139,0.0004990887750218,0.4178674115838534,0.5918290652936131,4.0875520418954325,12.97054375207409,0.1516307036433429,0.3082099434072162,0.9458822906023904,0.9309990944266064,-0.0005144267201172001,0.15657923976387328,-0.0421561339562605,1.625160716051825,-0.01488319617578393,-0.2768032275467849,0.17396165370975974,8.882991710178658,1.8389731281898658,-0.8407419826362709,-0.0421561339562605,-0.0005144267201172001
R1_low_expansion_low_friction,a050_mu010_g002,R1,14,3.5731381663534765,5.168430422312333,0.5168659265584971,0.2128014842300556,0.6292086406374711,0.5826882523677797,0.0010089406015131,0.0005187157758242,0.4219433110390007,0.6040404867113548,4.152810964554516,14.04649262001033,0.1509138818233295,0.3227329605326466,0.946656495854852,0.9319271839391116,-0.0004902248256889,0.17181907870931712,-0.046520388269691404,1.595292255958857,-0.01472931191574045,-0.30406444232844143,0.18209717567235412,9.893681655455815,1.807057268514929,-0.7120079443652259,-0.046520388269691404,-0.0004902248256889
R1_low_expansion_low_friction,a050_mu010_g002,R1,15,3.5391158144594996,5.1874196419740874,0.5170362358031368,0.2009966777408638,0.6302546506422168,0.5809842123885399,0.0010366818749553,0.0005033285286124,0.4162172306104131,0.6151375242957311,4.005217126389906,16.001497253930655,0.1516358167789948,0.3281090324152075,0.9471541446241744,0.9312913801939162,-0.0005333533463429001,0.1764732156362127,-0.04927043825367683,1.6483038275145878,-0.015862764430258136,-0.316039558062273,0.198920293685318,11.99628012754075,1.7368319590446426,-0.546533852316743,-0.04927043825367683,-0.0005333533463429001
R1_low_expansion_low_friction,a050_mu010_g002,R1,16,3.5650281871229352,5.177529423400257,0.5102564102564102,0.215188312889108,0.6296994624600653,0.584049848000553,0.001006105762365,0.000536999202983,0.4189131252971573,0.6154692296747241,4.04352768904591,15.780218492461504,0.151084026024469,0.3267416346292522,0.9452870091275758,0.9314930690664142,-0.0004691065593820001,0.17565760860478322,-0.04564961445951221,1.6125012362773217,-0.013793940061161636,-0.2950680973673022,0.19655610437756676,11.736690803415595,1.9494327567136196,-0.7423811405944283,-0.04564961445951221,-0.0004691065593820001
R1_low_expansion_low_friction,a050_mu010_g002,R1,17,3.580852536841064,5.180694293343883,0.5085287846481876,0.2178516466605109,0.6316204888183788,0.589786862541371,0.0010140557325294,0.0005597376901206,0.4211954261950268,0.609356643267661,4.246962496812663,14.457666709965444,0.1521690534066738,0.330181239628498,0.9457807282000688,0.9311779114676536,-0.0004543180424088,0.1780121862218242,-0.04183362627700782,1.5998417565028191,-0.014602816732415147,-0.2906771379876767,0.18816121707263422,10.21070421315278,1.9446440073837334,-0.7918914485317039,-0.04183362627700782,-0.0004543180424088
R1_low_expansion_low_friction,a050_mu010_g002,R1,18,3.591138364157848,5.185045989516368,0.5200424178154825,0.211804488164771,0.6302070204546347,0.5942594513599369,0.0010507335508066,0.0006205593868228,0.4128205897799539,0.6199473344956803,3.979816484216459,15.981602690328772,0.1526433112147861,0.3278852896023805,0.9463638408444386,0.930514963003862,-0.00043017416398380003,0.1752419783875944,-0.03594756909469787,1.5939076253585203,-0.015848877840576536,-0.30823792965071156,0.2071267447157264,12.001786206112314,1.8719102164976504,-0.6870488259012142,-0.03594756909469787,-0.00043017416398380003
R1_low_expansion_low_friction,a050_mu010_g002,R1,19,3.61962219365048,5.208189100979132,0.5227580460368711,0.2187041564792176,0.6312952802423286,0.5887972606407856,0.001040816991614,0.0006542240416211,0.4143350341708463,0.6206585100378175,4.121763251373516,16.633392196429828,0.151567515104842,0.3452949235190358,0.9456735214306096,0.9310088660129886,-0.00038659294999290005,0.19372740841419378,-0.04249801960154298,1.5885669073286515,-0.014664655417620964,-0.30405388955765356,0.2063234758669712,12.511628945056312,1.9904402453871135,-0.7231540122876312,-0.04249801960154298,-0.00038659294999290005
R1_low_expansion_low_friction,a050_mu010_g002,R1,20,3.5828305805558305,5.221046385125112,0.5259353741496599,0.2306989214551215,0.6329070320894471,0.589417441186051,0.0010358063469621,0.0006179546432402,0.4131135623357995,0.6157490800670147,4.033213557732923,15.134320812338656,0.1496785040177828,0.3408410271790745,0.9442408607591356,0.9294220593366171,-0.0004178517037218999,0.1911625231612917,-0.0434895909033961,1.6382158045692812,-0.014818801422518457,-0.29523645269453835,0.2026355177312152,11.101107254605733,2.127779382758268,-0.6989283431336537,-0.0434895909033961,-0.0004178517037218999
R1_low_expansion_low_friction,a050_mu010_g002,R1,21,3.594303234101474,5.21471664523786,0.5250821932336409,0.2321962531274791,0.6299649835157286,0.5867663376757942,0.001027342277169,0.0006223667456171,0.4119558854220648,0.600601110401529,4.025110301163367,14.205918125590989,0.1523987846286844,0.3536063798991316,0.9443353483357144,0.9291044959632186,-0.00040497553155190006,0.20120759527044718,-0.04319864583993438,1.620413411136386,-0.015230852372495773,-0.2928859401061618,0.18864522497946418,10.180807824427621,2.082983923100471,-0.7435917589009782,-0.04319864583993438,-0.00040497553155190006
R1_low_expansion_low_friction,a050_mu010_g002,R1,22,3.6192265849075262,5.228365146869746,0.506064408197407,0.2171588285332361,0.6299959169969548,0.5890116692631406,0.0009985776544576,0.0005704445784933,0.41834439823928,0.5934058109735756,4.137509626173064,13.524938130834585,0.1533782744705296,0.3329721330243084,0.9437767295420234,0.931018808463172,-0.0004281330759643,0.1795938585537788,-0.04098424773381415,1.6091385619622196,-0.01275792107885143,-0.28890557966417085,0.1750614127342956,9.387428504661521,2.167333595540696,-0.7881415517780466,-0.04098424773381415,-0.0004281330759643
R1_low_expansion_low_friction,a050_mu010_g002,R1,23,3.575907427554149,5.215112253980813,0.5180491960387605,0.2238897022938018,0.6313888496024449,0.5828251755640363,0.001035292207821,0.0005680363601992,0.4137296027328525,0.6106137131798224,3.9736737266605777,15.376237933097997,0.1539456029504834,0.3401810492131867,0.9439359582237103,0.9301672051770962,-0.0004672558476218,0.1862354462627033,-0.048563674038408555,1.6392048264266639,-0.01376875304661418,-0.29415949374495876,0.1968841104469699,11.402564206437418,2.1283920027158185,-0.7043284915685799,-0.048563674038408555,-0.0004672558476218
R1_low_expansion_low_friction,a050_mu010_g002,R1,24,3.605380278904163,5.201068143605974,0.5237945492662474,0.2343692646519026,0.6306763788729959,0.5908245770393309,0.0010171485260414,0.0005379099901349,0.4096824026640092,0.5985528440311176,3.9676543969192695,14.776651032322428,0.1507130794706259,0.3180024203034481,0.9443693085642664,0.928575368737004,-0.00047923853590649994,0.1672893408328222,-0.03985180183366499,1.5956878647018105,-0.015793939827262404,-0.28942528461434475,0.18887044136710845,10.808996635403158,2.1020971341352683,-0.8069038998305235,-0.03985180183366499,-0.00047923853590649994
R1_low_expansion_low_friction,a050_mu010_g002,R1,25,3.5941054297299972,5.228562951241223,0.5190531790680395,0.2411067193675889,0.6311961084717898,0.5878537052432751,0.0010396441999104,0.0005848353337549,0.4074378531989134,0.6040188783156879,3.8840880700094056,14.433745487315976,0.1520379937708704,0.3344617626030982,0.9449577625203424,0.9298338360676224,-0.0004548088661555,0.18242376883222777,-0.04334240322851468,1.6344575215112256,-0.015123926452719982,-0.2779464597004506,0.1965810251167745,10.54965741730657,2.0373774295771625,-0.8179676919396706,-0.04334240322851468,-0.0004548088661555
R1_low_expansion_low_friction,a050_mu010_g002,R1,26,3.602611017703491,5.218277123924438,0.5101412339386217,0.2480978757075902,0.631735649411842,0.5880807192199538,0.001013492104686,0.0006069732450732,0.4115011465721613,0.5980935997601364,3.991709203156388,13.358010812209972,0.1504857080024916,0.3350552133198478,0.9449967351284932,0.9294790921586406,-0.0004065188596128,0.18456950531735616,-0.043654930191888264,1.6156661062209472,-0.015517642969852696,-0.2620433582310314,0.18659245318797513,9.366301609053584,2.050601464848281,-0.9527157919956055,-0.043654930191888264,-0.0004065188596128
R1_low_expansion_low_friction,a050_mu010_g002,R1,27,3.5871822767283157,5.230738799327465,0.519051651143099,0.2396719319562576,0.6305116343960709,0.5926303126229142,0.0010154670012826,0.0006202824568658,0.4155841307260059,0.6017019314139629,4.067801973187664,14.08602192264282,0.1521691849869159,0.3377796283978274,0.9427964091104636,0.929165881788703,-0.0003951845444168001,0.18561044341091149,-0.03788132177315673,1.6435565225991495,-0.013630527321760622,-0.27937971918684146,0.18611780068795697,10.018219949455155,2.2449423422181107,-0.7936262367243817,-0.03788132177315673,-0.0003951845444168001
R1_low_expansion_low_friction,a050_mu010_g002,R1,28,3.568984274552468,5.227771733755316,0.5103048518677544,0.2249391727493917,0.6301899261841744,0.590316119495819,0.001011956244171,0.0006194377734528,0.4132238210844022,0.6098600434299032,4.036458496455509,14.836628390047554,0.1510949198765453,0.3237465257912322,0.943713490616059,0.9287709740482474,-0.0003925184707182001,0.1726516059146869,-0.039873806688355384,1.658787459202848,-0.014942516567811648,-0.28536567911836275,0.196636222345501,10.800169893592045,2.125470946857067,-0.7294702060874627,-0.039873806688355384,-0.0003925184707182001
R1_low_expansion_low_friction,a050_mu010_g002,R1,29,3.61962219365048,5.2004747304915435,0.5153162571876634,0.2391344214194021,0.6308484984637579,0.5880145289175811,0.0009939143253241,0.0006138290792213,0.4166087371729648,0.6035214314480813,4.076028299774564,14.557175308832662,0.1487751862255216,0.3326188476439884,0.943961711804542,0.9283762635257532,-0.0003800852461028,0.1838436614184668,-0.0428339695461768,1.5808525368410633,-0.015585448278788827,-0.2761818357682613,0.18691269427511653,10.481147009058098,2.1619716556923363,-0.9177768568400779,-0.0428339695461768,-0.0003800852461028
R1_low_expansion_low_friction,a050_mu010_g002,R1,30,3.5721491444960933,5.234101473642568,0.5029965753424658,0.2478627296428788,0.6317364431344094,0.590256278465154,0.0010193142635371,0.0006201870846978,0.4133670129904632,0.6069306349707065,4.002885240632192,14.686354182105903,0.151618020154821,0.3319574221795379,0.9421890019395708,0.9289249732394848,-0.0003991271788393,0.18033940202471688,-0.041480164669255304,1.6619523291464744,-0.013264028700086028,-0.25513384569958697,0.19356362198024335,10.683468941473711,2.3123461854528236,-0.9215759868266616,-0.041480164669255304,-0.0003991271788393
R3_intermediate,a100_mu030_g002,R3,1,3.0556819305706657,3.986944911482544,0.4714849598475568,0.0700520331470418,0.6010644066482509,0.5041564614605686,0.0018405155352817,0.0017034588769509,0.441570043238511,0.6128524291896598,4.5418551237738205,14.64125373563364,0.1604688226706924,0.2955313278432119,0.9503363957337476,0.922970593736118,-0.00013705665833080001,0.1350625051725195,-0.09690794518768231,0.9312629809118782,-0.027365801997629613,-0.401432926700515,0.17128238595114875,10.099398611859819,0.4454396470582631,-1.1702084319698978,-0.09690794518768231,-0.00013705665833080001
R3_intermediate,a100_mu030_g002,R3,2,1.5984571259024825,4.282662446840075,0.0407138873396542,0.0591771080257365,0.4966559913882901,0.5108798695012972,0.0008960872261189,0.000981339213965,0.5108394885455919,0.6499552321981675,6.578892379556515,18.537807680519755,0.1896265182026183,0.3393454695035967,0.9346242011448336,0.9217230760782914,8.52519878460999e-05,0.14971895130097837,0.014223878113007071,2.684205320937593,-0.012901125066542174,0.018463220686082304,0.13911574365257562,11.958915300963241,-1.0674150962469935,-0.782556023383643,0.014223878113007071,8.52519878460999e-05
R3_intermediate,a100_mu030_g002,R3,3,1.6773810701216496,4.499258233606962,0.0303030303030303,0.3347819338817321,0.4976998401180221,0.5845084482164442,0.0009063763883098,0.0023892491228649,0.5169561489577144,0.5908427627069512,6.49181501564671,13.505269220176396,0.186781080135085,0.2826123649997547,0.9393888408834346,0.9329670385146184,0.0014828727345551,0.09583128486466969,0.08680860809842211,2.821877163485313,-0.006421802368816176,0.30447890357870183,0.07388661374923688,7.013454204529687,-1.46706041536124,1.3109814478886999,0.08680860809842211,0.0014828727345551
R3_intermediate,a100_mu030_g002,R3,4,1.5159727029967365,4.47552170902977,0.0250611246943765,0.1902442856020736,0.4938730313893163,0.5365772746819287,0.0008644623918522,0.0012106671663055,0.5131158333315586,0.6129846739802896,6.566897751163304,15.679033543773595,0.199305433975372,0.3146601702708514,0.9328326695418746,0.9301581368276172,0.0003462047744533001,0.1153547362954794,0.04270424329261241,2.959549006033033,-0.002674532714257438,0.1651831609076971,0.09986884064873092,9.112135792610292,-1.0092689942188429,0.6285759580022751,0.04270424329261241,0.0003462047744533001
R3_intermediate,a100_mu030_g002,R3,5,1.7764810602314312,4.422510137474038,0.0457933972310969,0.3529411764705882,0.4968436371740422,0.5943490445805563,0.0009330975454836,0.0024948578993032,0.5033748469922362,0.5753868952902386,5.888651074035353,11.84496693610654,0.1949745510503261,0.266122927498623,0.9410560622844234,0.9343586651764496,0.0015617603538196,0.07114837644829689,0.09750540740651409,2.6460290772426074,-0.00669739710797379,0.3071477792394913,0.07201204829800234,5.956315862071186,-1.5529616737785343,1.0387648130572336,0.09750540740651409,0.0015617603538196
R3_intermediate,a100_mu030_g002,R3,6,1.5367421620017805,4.36989417466126,0.0509824747742963,0.0619389587073608,0.4995677482826338,0.5101719147146285,0.0008911246935518,0.0008417935185914,0.5050423306584247,0.6337529813495733,5.765794178197627,17.425668698431746,0.1864321353809234,0.3142748147596909,0.9302538433603932,0.9263785419347156,-4.9331174960399907e-05,0.12784267937876748,0.010604166431994744,2.83315201265948,-0.003875301425677602,0.010956483933064497,0.1287106506911485,11.65987452023412,-0.6284629771138143,-0.5862241381662597,0.010604166431994744,-4.9331174960399907e-05
R3_intermediate,a100_mu030_g002,R3,7,1.9086143803778064,4.359608347344476,0.0488807674737322,0.3585667016382858,0.4949766749406332,0.5887435637276373,0.0008738431507515,0.0024736678043374,0.5145729877042818,0.5786220531822068,6.235068678144862,13.22186701951389,0.1864020197108914,0.2670780778340438,0.9440951121949636,0.93388385874871,0.0015998246535859004,0.0806760581231524,0.09376688878700407,2.45099396696667,-0.01021125344625351,0.3096859341645536,0.064049065477925,6.986798341369028,-1.7641690237704895,0.7340924078578535,0.09376688878700407,0.0015998246535859004
R3_intermediate,a100_mu030_g002,R3,8,1.5927207991296608,4.304420927702502,0.0945295404814004,0.0375167112299465,0.5060853291431631,0.5099665840147988,0.0009365680741549,0.0008424305278061,0.4870851425419705,0.618039924986817,5.647534726333214,13.631431912464391,0.1813902522636848,0.3037780678997312,0.9318239655405772,0.9221714048893812,-9.413754634880007e-05,0.12238781563604642,0.0038812548716357087,2.711700128572841,-0.009652560651196018,-0.0570128292514539,0.13095478244484654,7.983897186131177,-0.6314092837897258,-0.48566242818370475,0.0038812548716357087,-9.413754634880007e-05
R3_intermediate,a100_mu030_g002,R3,9,1.943823558500643,4.377212936405894,0.0723296888141295,0.3312765445949194,0.4970527791260034,0.5827216699551578,0.0009057579182122,0.0024612584672953,0.4950279038359435,0.5784513161414621,6.014231840224273,12.430045124140136,0.1953713108590958,0.2845933184084394,0.9423357423170142,0.9331331579603552,0.0015555005490831002,0.08922200754934359,0.08566889082915446,2.433389377905251,-0.009202584356658994,0.2589468557807899,0.08342341230551858,6.415813283915863,-1.5115042828943657,0.3739299854857472,0.08566889082915446,0.0015555005490831002
R3_intermediate,a100_mu030_g002,R3,10,1.5857976461279797,4.310355058846801,0.0943146760687527,0.0498792572237488,0.5065948241406742,0.5082599142815035,0.0009656121555816,0.000847361393639,0.4906911069626363,0.6266809089406569,5.614889426745516,16.429250004220457,0.1838353819298938,0.3159759377403947,0.929486568774498,0.922046134897748,-0.00011825076194260003,0.13214055581050088,0.0016650901408292729,2.724557412718821,-0.0074404338767499745,-0.0444354188450039,0.13598980197802057,10.81436057747494,-0.38652026510174686,-0.5465762882557211,0.0016650901408292729,-0.00011825076194260003
R3_intermediate,a100_mu030_g002,R3,11,1.9851646721392544,4.35881712985857,0.0625250501002004,0.3453347263521659,0.4986676515427873,0.5843340666172737,0.0009706236647194,0.0024855089472016,0.5064667453647681,0.5897275566031145,6.660065062326963,13.18504856603476,0.190848471501823,0.2896682311540216,0.94387580372744,0.932006886153705,0.0015148852824822,0.09881975965219864,0.08566641507448641,2.3736524577193157,-0.011868917573734983,0.2828096762519655,0.08326081123834639,6.524983503707798,-1.6041605356933264,0.43128745851322275,0.08566641507448641,0.0015148852824822
R3_intermediate,a100_mu030_g002,R3,12,1.554544555434675,4.31213529819009,0.0880250223413762,0.0613211466555878,0.5033414412432409,0.5185170387054333,0.0010154533030157,0.0010098944870098,0.4856658058877106,0.6407390204677851,5.4796604236297775,18.477670079150847,0.1889814412258508,0.3238335229812133,0.92718405060627,0.9228188724281048,-5.558816005899912e-06,0.1348520817553625,0.015175597462192436,2.757590742755415,-0.004365178178165174,-0.0267038756857884,0.1550732145800745,12.99800965552107,-0.22996565792572676,-0.6078988137957172,0.015175597462192436,-5.558816005899912e-06
R3_intermediate,a100_mu030_g002,R3,13,1.9552962120462865,4.3281574522796955,0.0631578947368421,0.3210949557306474,0.4960320366078062,0.5877332505456584,0.0009364612481346,0.0026714989022984,0.4997756646706209,0.5850261400861692,6.144290139529849,12.834597966553275,0.1898949995648928,0.2964354976849999,0.9445051959118604,0.934523526752084,0.0017350376541638,0.10654049812010707,0.09170121393785219,2.372861240233409,-0.009981669159776385,0.2579370609938053,0.08525047541554825,6.690307827023426,-1.7423176921657553,0.26764448421877446,0.09170121393785219,0.0017350376541638
R3_intermediate,a100_mu030_g002,R3,14,1.6376223914548511,4.280486598753832,0.1013322567622123,0.0524190155658392,0.5003339335528488,0.5210152619019616,0.0008813846079212,0.000892690557439,0.4919390042202127,0.6503490126271572,5.598437856561665,19.443754313367823,0.1821156709627921,0.2991465868354481,0.9299111352781684,0.9230939946358532,1.130594951780008e-05,0.11703091587265599,0.020681328349112738,2.642864207298981,-0.0068171406423152,-0.0489132411963731,0.15841000840694447,13.845316456806158,-0.47705014107313637,-0.6519055209751772,0.020681328349112738,1.130594951780008e-05
R3_intermediate,a100_mu030_g002,R3,15,1.877361289684502,4.356641281772327,0.0396678966789667,0.2890800900611129,0.5001207065062824,0.5838617929148612,0.0009826838199225,0.0024958058385901,0.4975886252449585,0.6083659700383796,6.082805613460259,14.367585263141777,0.1867100277387066,0.2902802078207243,0.9431363742447384,0.9321975475298878,0.0015131220186676,0.10357018008201768,0.0837410864085788,2.4792799920878252,-0.01093882671485058,0.2494121933821462,0.11077734479342105,8.284779649681518,-1.614525986899464,0.38728423739713236,0.0837410864085788,0.0015131220186676
R3_intermediate,a100_mu030_g002,R3,16,1.6221936504796757,4.309959450103848,0.0799663299663299,0.0575169898889441,0.5041079424378849,0.5242242043292515,0.0009051072345698,0.000918175930995,0.4914928680014296,0.6655561863000986,5.70787432589018,22.973471929679,0.1788297866020162,0.3081020014308221,0.9323200090192284,0.9245807500390592,1.306869642519993e-05,0.1292722148288059,0.020116261891366616,2.687765799624172,-0.00773925898016925,-0.02244934007738579,0.174063318298669,17.26559760378882,-0.6843266632789943,-0.7506748330774974,0.020116261891366616,1.306869642519993e-05
R3_intermediate,a100_mu030_g002,R3,17,1.862130353080803,4.382553654435763,0.0445382090951711,0.3039293668469615,0.4955890183367889,0.581641347725225,0.0009775802927133,0.0023833169639234,0.5156628445239931,0.5829670922556067,6.555950796344402,11.65318187391706,0.2015640974793281,0.2936194976083212,0.9405881053158852,0.9330237531164848,0.0014057366712101002,0.09205540012899308,0.0860523293884361,2.5204233013549597,-0.007564352199400437,0.2593911577517904,0.06730424773161359,5.0972310775726575,-1.4361844739922285,0.5201817680527238,0.0860523293884361,0.0014057366712101002
R3_intermediate,a100_mu030_g002,R3,18,1.6221936504796757,4.310355058846801,0.0878350515463917,0.0538321167883211,0.5010244668124819,0.5231569992402031,0.0008745840546004,0.0009113005580502,0.4954485446416277,0.6834598305631525,5.392864716980603,27.50798421556027,0.178303745741828,0.3186844520334079,0.930435164215002,0.9234164302452564,3.6716503449799975e-05,0.1403807062915799,0.022132532427721174,2.688161408367125,-0.007018733969745616,-0.03400293475807059,0.18801128592152483,22.115119498579666,-0.5365969988992514,-0.6746146790347733,0.022132532427721174,3.6716503449799975e-05
R3_intermediate,a100_mu030_g002,R3,19,1.8983285530610223,4.343586193254871,0.0435172723194257,0.2914516129032258,0.4965164729740493,0.5861727634614151,0.0008646526149047,0.0024515388269601,0.508344563622275,0.5984054344066515,6.263624918170848,13.671946638883858,0.1918062499257402,0.2881504456425784,0.9424077805771368,0.9330674706961948,0.0015868862120553997,0.09634419571683822,0.08965629048736579,2.445257640193849,-0.009340309880942033,0.2479343405838001,0.09006087078437652,7.40832172071301,-1.5742065850853812,0.3216009595746872,0.08965629048736579,0.0015868862120553997
R3_intermediate,a100_mu030_g002,R3,20,1.6461279794283454,4.320443081792107,0.1065768621236133,0.0593297476210177,0.5007860767016381,0.5207414668506034,0.0008985471495855,0.0009595255186364,0.4808993353102038,0.6701939364752526,5.363718970684356,22.73509960400532,0.1781886873824669,0.3154570521789915,0.932159794218346,0.9246380903910608,6.0978369050900027e-05,0.1372683647965246,0.019955390148965302,2.674315102363762,-0.007521703827285231,-0.0472471145025956,0.18929460116504881,17.371380633320964,-0.6957901331618955,-0.6109779157094949,0.019955390148965302,6.0978369050900027e-05
R3_intermediate,a100_mu030_g002,R3,21,1.8979329443180697,4.39086143803778,0.0514672686230248,0.2889594916600476,0.4991400463390457,0.574377422495473,0.0009742980291459,0.0020749509230225,0.4955033060738643,0.6059309727142825,5.894975883585135,14.74907081312426,0.1907231614571935,0.291006380676328,0.9381733566944916,0.9321233914813474,0.0011006528938766,0.1002832192191345,0.07523737615642728,2.4929284937197105,-0.0060499652131442705,0.23749222303702278,0.11042766664041825,8.854094929539123,-1.0911089606662148,0.3319645875831937,0.07523737615642728,0.0011006528938766
R3_intermediate,a100_mu030_g002,R3,22,1.655622589259223,4.303629710216596,0.0966469428007889,0.0691776835453562,0.5032944886298172,0.5268658004032568,0.0008886784281825,0.0011194020791287,0.4920247024954799,0.6813859508829382,5.859277319352432,25.529500849406592,0.1801996167352878,0.342102947882457,0.9284807113512388,0.924314469145702,0.0002307236509461999,0.16190333114716918,0.02357131177343963,2.648007120957373,-0.004166242205536741,-0.0274692592554327,0.18936124838745827,19.67022353005416,-0.2623235370639989,-0.7833963347115515,0.02357131177343963,0.0002307236509461999
R3_intermediate,a100_mu030_g002,R3,23,1.8973395312036396,4.3979823954109385,0.0539798719121683,0.2775180283699184,0.4999177419100105,0.5795097251258494,0.000921395280003,0.0019784281923196,0.5027377905192655,0.6013833671581279,6.061220194109961,14.268830036049598,0.1864768707752398,0.2698148172665444,0.9418640617356858,0.9314142701877484,0.0010570329123165997,0.08333794649130458,0.07959198321583894,2.5006428642072986,-0.01044979154793746,0.2235381564577501,0.09864557663886242,8.207609841939638,-1.4644898440868714,0.25359470856582433,0.07959198321583894,0.0010570329123165997
R3_intermediate,a100_mu030_g002,R3,24,1.6223914548511522,4.370091979032737,0.0948310948310948,0.0746534813974224,0.5065388990273361,0.525383364476751,0.0008996903684738,0.0012700401206871,0.4953054651792555,0.7012600366208659,6.093619667982547,30.30276350636618,0.175887449270238,0.3544346416956798,0.9280062862269242,0.9246713966711648,0.00037034975221329996,0.1785471924254418,0.018844465449414982,2.747700524181585,-0.003334889555759335,-0.0201776134336724,0.2059545714416104,24.209143838383632,-0.1954033913445552,-0.6667847221452003,0.018844465449414982,0.00037034975221329996
R3_intermediate,a100_mu030_g002,R3,25,1.8817129858569872,4.3912570467807335,0.0411633109619686,0.2697833161362012,0.4988182300144329,0.5843053702167247,0.0008953800762293,0.0022880847486373,0.504869590901477,0.6131299345079895,6.241664407838206,15.43826491204725,0.1850242268043311,0.2778597100485234,0.9373277660433844,0.9332966775855788,0.0013927046724079998,0.0928354832441923,0.08548714020229181,2.509544060923746,-0.004031088457805643,0.22862000517423262,0.10826034360651249,9.196600504209044,-1.0246213819067067,0.30142415078007173,0.08548714020229181,0.0013927046724079998
R3_intermediate,a100_mu030_g002,R3,26,1.6332706952823657,4.380377806349521,0.1010266940451745,0.0683374969779998,0.5037108632799526,0.5241678426001453,0.0008624487554717,0.0011353118828967,0.4946605197839747,0.7039709120254901,5.8826211471709895,31.385171074353476,0.1780508804591693,0.3312620909419361,0.9294721117221396,0.9252116429930396,0.00027286312742499995,0.15321121048276679,0.020456979320192636,2.747107111067155,-0.00426046872910002,-0.0326891970671747,0.20931039224151543,25.502549927182486,-0.3820941632067195,-0.5861009187344706,0.020456979320192636,0.00027286312742499995
R3_intermediate,a100_mu030_g002,R3,27,1.897735139946593,4.408070418356246,0.0611888111888111,0.2697259300213253,0.4967391699274159,0.5812235801809847,0.0009028969673141,0.0020807460947703,0.501297497144346,0.6068923270721339,5.703496094356136,15.834179135755264,0.1937291892849748,0.2723694087628028,0.9379090399810978,0.9308212962721376,0.0011778491274562002,0.07864021947782801,0.08448441025356884,2.510335278409653,-0.007087743708960148,0.2085371188325142,0.1055948299277879,10.130683041399127,-1.101844957357629,0.17164940636130382,0.08448441025356884,0.0011778491274562002
R3_intermediate,a100_mu030_g002,R3,28,1.643754326970626,4.386707546236772,0.0850638977635782,0.0653904930427089,0.5031312228586989,0.5285277970293027,0.000920575741297,0.0011293147104484,0.4934569762105531,0.6825772803811718,6.4397188424915655,26.112176695626488,0.1797323732321393,0.3309087097901708,0.927013062534981,0.926046512343991,0.00020873896915139995,0.15117633655803148,0.025396574170603814,2.7429532192661457,-0.000966550190989901,-0.0196734047208693,0.1891203041706187,19.672457853134922,-0.12394415240962497,-0.6778948097612536,0.025396574170603814,0.00020873896915139995
R3_intermediate,a100_mu030_g002,R3,29,1.931559687469093,4.388487785580061,0.0666397415185783,0.2541928304586281,0.4997503860157211,0.5826407244460773,0.0009787046534961,0.0021344304011162,0.4998084399031212,0.5993409301106036,6.030160976325361,14.26778933220494,0.1919956637576173,0.2749466980099898,0.9370414685954228,0.9314693619310296,0.0011557257476200998,0.08295103425237246,0.0828903384303562,2.456928098110968,-0.005572106664393228,0.18755308894004982,0.09953249020748245,8.237628355879579,-0.9288131871787655,-0.05327609714974313,0.0828903384303562,0.0011557257476200998
R3_intermediate,a100_mu030_g002,R3,30,1.642765305113243,4.349520324399169,0.0821236001659062,0.0509679000245038,0.5075706966677526,0.5281011551641265,0.0009425301126338,0.001083234872127,0.4762935177312925,0.6617134121814359,4.988689882530673,21.41464226281386,0.1735300483782048,0.328710892505806,0.9250351869761572,0.9226611613447124,0.00014070475949319995,0.1551808441276012,0.020530458496373916,2.706755019285926,-0.0023740256314447317,-0.031155700141402398,0.18541989445014334,16.425952380283185,0.1519056768258853,-0.6625729693977217,0.020530458496373916,0.00014070475949319995
R6_high_expansion_high_friction,a150_mu060_g020,R6,1,1.6494906537434475,4.884185540500445,0.0203921568627451,0.8760761982238492,0.4937963869340072,0.6929487571100559,0.0009503838474929,0.0369517762874316,0.5070012964567625,0.3929147039004135,5.853276197694755,3.545941664762377,0.1912675772791188,0.1401781661834268,0.9332486758295312,0.9175298519090808,0.0360013924399387,-0.05108941109569201,0.1991523701760487,3.2346948867569973,-0.01571882392045043,0.8556840413611041,-0.11408659255634901,-2.307334532932378,-0.9169248987808727,5.588557597238877,0.1991523701760487,0.0360013924399387
R6_high_expansion_high_friction,a150_mu060_g020,R6,2,1.6386114133122345,4.733656413806745,0.0153640614562458,0.8054027013506754,0.4940295306621867,0.6700686617787662,0.0010873658443598,0.0234736847911024,0.5180638101098611,0.4605587693287418,6.589354306303619,5.3940282372315265,0.1769913448193543,0.1733716869921951,0.9403877129916736,0.912046770874034,0.0223863189467426,-0.0036196578271592006,0.17603913111657954,3.095045000494511,-0.0283409421176396,0.7900386398944296,-0.05750504078111934,-1.1953260690720926,-1.6693292794905448,4.930085424744325,0.17603913111657954,0.0223863189467426
R6_high_expansion_high_friction,a150_mu060_g020,R6,3,1.912372663435862,4.536445455444565,0.115138592750533,0.7008146326467876,0.5052040578447636,0.6537898648250178,0.001195595453468,0.0139305327212534,0.4855560913896879,0.4713178545423982,5.002522074424679,5.927467738718461,0.1648688878330103,0.1856279275758669,0.9432576335022448,0.9118748991896756,0.0127349372677854,0.020759039742856616,0.14858580698025414,2.624072792008703,-0.031382734312569216,0.5856760398962546,-0.014238236847289698,0.9249456642937819,-1.5105640629000152,2.8205126181884395,0.14858580698025414,0.0127349372677854
R6_high_expansion_high_friction,a150_mu060_g020,R6,4,1.870833745425774,4.371872218376026,0.1295754026354319,0.5906638325703074,0.5253683069712143,0.6199403301530308,0.0015093980626598,0.0086930833008517,0.4826039159171406,0.5013544454626848,5.247171544633502,7.861675189430494,0.1580755984369377,0.2064048891267664,0.9456575376876726,0.9124496998828752,0.007183685238191901,0.04832929068982872,0.09457202318181657,2.5010384729502526,-0.03320783780479741,0.46108842993487553,0.018750529545544237,2.6145036447969927,-1.4834940958077496,1.8047007984633572,0.09457202318181657,0.007183685238191901
R6_high_expansion_high_friction,a150_mu060_g020,R6,5,1.3391355948966472,4.154683018494708,0.0045766590389016,0.3866247755834829,0.4901352987428823,0.576937641249844,0.0010233821899192,0.0070401080132722,0.5409304412209808,0.5729720657482021,8.27696872213967,11.668732647215458,0.2094207085422139,0.270314063259971,0.940177652793748,0.90756127050359,0.006016725823353,0.06089335471775709,0.08680234250696173,2.815547423598061,-0.03261638229015795,0.3820481165445813,0.03204162452722137,3.3917639250757876,-2.0164503161327327,1.8068383062428706,0.08680234250696173,0.006016725823353
R6_high_expansion_high_friction,a150_mu060_g020,R6,6,1.312827613490258,4.165166650182969,0.0045871559633027,0.3683363148479427,0.4898817102520545,0.558189731889094,0.0009647731595525,0.0058173400787307,0.5310775029869468,0.5660294193581806,6.611124801222807,10.93842545524894,0.195515278851042,0.2811588539170516,0.9362769035533564,0.9145202546424572,0.0048525669191782,0.08564357506600959,0.06830802163703953,2.852339036692711,-0.021756648910899123,0.36374915888464,0.03495191637123385,4.327300654026132,-1.640428472337559,1.7480025478939496,0.06830802163703953,0.0048525669191782
R6_high_expansion_high_friction,a150_mu060_g020,R6,7,1.3191573533775096,4.2448818118880425,0.0049916805324459,0.4071416219955041,0.4903279463839413,0.5882163460914936,0.0010448014454343,0.0058748005160928,0.5284450899650686,0.5523889079395233,6.504660929125831,9.393965143364404,0.1984765116237281,0.281461296345847,0.9316298357480794,0.9224845840974264,0.0048299990706585,0.0829847847221189,0.09788839970755236,2.925724458510533,-0.009145251650653052,0.40214994146305816,0.023943817974454773,2.8893042142385736,-1.1419383226929956,2.1195103211572492,0.09788839970755236,0.0048299990706585
R6_high_expansion_high_friction,a150_mu060_g020,R6,8,1.2659479774503015,4.250024725546434,0.002262443438914,0.4221858582378778,0.490371280754531,0.5974872961347256,0.0010452273603955,0.0060272808855803,0.5270681101536957,0.5813214728198705,7.378297582485343,12.443303310459497,0.1986043991838201,0.2499098946374964,0.9347065956008276,0.924559143902062,0.0049820535251848,0.0513054954536763,0.1071160153801946,2.9840767480961325,-0.01014745169876563,0.4199234147989638,0.054253362666174754,5.065005727974153,-1.5168896505690213,2.331626004346124,0.1071160153801946,0.0049820535251848
R6_high_expansion_high_friction,a150_mu060_g020,R6,9,1.2635743249925824,4.231431114627633,0.0,0.3913458203260492,0.4904803909313025,0.5957559564631802,0.0012234767857231,0.0064665948675454,0.5207698774445875,0.5566828764095735,6.563233953288532,10.16226860768156,0.205347584753655,0.2795776580376455,0.9373693343841756,0.9276301778685462,0.0052431180818223,0.0742300732839905,0.10527556553187772,2.967856789635051,-0.009739156515629399,0.3913458203260492,0.03591299896498601,3.5990346543930274,-1.79544429735255,2.1183888137364733,0.10527556553187772,0.0052431180818223
R6_high_expansion_high_friction,a150_mu060_g020,R6,10,1.2267827118979329,4.241914746315894,0.0,0.3975508796136598,0.4896482694843195,0.5904353037540175,0.0010509031668222,0.0054553245547087,0.517320063428158,0.5764258136262989,6.415368226460404,12.53477567650136,0.2037265482338491,0.2583947608061066,0.933722178410682,0.9270496096441616,0.0044044213878865,0.05466821257225754,0.10078703426969804,3.0151320344179613,-0.006672568766520337,0.3975508796136598,0.059105750198140905,6.119407450040955,-1.4658233734222446,2.2367544324771633,0.10078703426969804,0.0044044213878865
R6_high_expansion_high_friction,a150_mu060_g020,R6,11,1.224211255068737,4.184551478587677,0.0,0.3863756380918852,0.4898107496843212,0.5964202046759699,0.001130658995347,0.0065607573132808,0.5338105307233594,0.5611586388859743,7.284110800205664,10.989808590113917,0.2121202978051865,0.2830248084869718,0.932168382778436,0.929494992064826,0.0054300983179338,0.07090451068178533,0.1066094549916487,2.9603402235189398,-0.0026733907136100576,0.3863756380918852,0.027348108162614904,3.7056977899082533,-1.303746307943351,2.0735687999308183,0.1066094549916487,0.0054300983179338
R6_high_expansion_high_friction,a150_mu060_g020,R6,12,1.2097715359509444,4.16101275838196,0.0,0.3353240039219182,0.4895598668307711,0.5865603424747668,0.0011351955032131,0.0051535710053439,0.5313283806064208,0.6253338409591626,7.364820226770493,17.45265535078643,0.1991716906667319,0.2553819264320328,0.9311375659291252,0.9222262591568456,0.0040183755021308,0.056210235765300876,0.09700047564399578,2.951241222431016,-0.008911306772279581,0.3353240039219182,0.09400546035274171,10.087835124015935,-1.214978383411119,1.7253757628670496,0.09700047564399578,0.0040183755021308
R6_high_expansion_high_friction,a150_mu060_g020,R6,13,1.325091484521808,4.042527939867471,0.0102827763496143,0.3340453194650817,0.490518437880022,0.5636789220313231,0.0011458086024809,0.0056855771850306,0.5166807433219628,0.5590533692299039,6.556082134872467,10.550401611010656,0.2042497705953828,0.3225711076988727,0.9370659246417582,0.930281242447166,0.0045397685825497,0.11832133710348991,0.07316048415130111,2.7174364553456627,-0.006784682194592162,0.3237625431154674,0.04237262590794111,3.9943194761381893,-1.7000722718027022,1.264820559586016,0.07316048415130111,0.0045397685825497
R6_high_expansion_high_friction,a150_mu060_g020,R6,14,1.181683315201266,4.063693007615468,0.0,0.2217573221757322,0.490954946637897,0.5738360559468965,0.001264246053833,0.0043627073432992,0.5278422335786064,0.6189263303666362,6.773401697225033,15.927978048554293,0.1967711723583975,0.2426506669165247,0.930528277295773,0.918604900611416,0.0030984612894662004,0.045879494558127204,0.08288110930899945,2.882009692414202,-0.011923376684357057,0.2217573221757322,0.09108409678802987,9.15457635132926,-1.1580678032475862,0.870113397452182,0.08288110930899945,0.0030984612894662004
R6_high_expansion_high_friction,a150_mu060_g020,R6,15,1.269310651765404,4.045099396696667,0.0048780487804878,0.3625964847019436,0.4905681517384238,0.5404396165448864,0.0012449723278615,0.0040721483454351,0.5172732867951897,0.5670392447413265,6.372445421099657,11.41510864990411,0.2049804884674237,0.3369837008125499,0.93638321678864,0.928219862693594,0.0028271760175736,0.13200321234512621,0.049871464806462595,2.775788744931263,-0.008163354095045983,0.3577184359214558,0.04976595794613681,5.042663228804452,-1.6852669373129423,1.5825564324111439,0.049871464806462595,0.0028271760175736
R6_high_expansion_high_friction,a150_mu060_g020,R6,16,1.158342399367026,4.076748096132924,0.0,0.2350818762142658,0.5031031771928943,0.5673895965549486,0.001420345837251,0.0039263428574404,0.5431301269560147,0.6192930993074431,8.093928145281366,16.416993566915743,0.1826047803886772,0.2293315440071409,0.9253104265698237,0.9211959528753284,0.0025059970201894,0.0467267636184637,0.06428641936205426,2.9184056967658982,-0.0041144736944952465,0.2350818762142658,0.07616297235142844,8.323065421634377,-0.44468566828625966,1.0170278887608282,0.06428641936205426,0.0025059970201894
R6_high_expansion_high_friction,a150_mu060_g020,R6,17,1.354564335871823,3.947186232815745,0.0067024128686327,0.3426836321573163,0.4899859371247945,0.5393403465192169,0.0012774616857766,0.0042273991352813,0.5196002075239757,0.5501588000032445,6.6751520013636165,10.035779217863574,0.2020314130677866,0.3580867250091519,0.9374761658040266,0.931228426605761,0.0029499374495046997,0.1560553119413653,0.04935440939442243,2.592621896943922,-0.0062477391982656005,0.3359812192886836,0.03055859247926873,3.3606272164999575,-1.7210987095829031,1.1389903558507084,0.04935440939442243,0.0029499374495046997
R6_high_expansion_high_friction,a150_mu060_g020,R6,18,1.1696172485411929,3.882306398971417,0.0024691358024691,0.0897396941152638,0.4963288021218308,0.5652961895530728,0.0013064785874022,0.0037504196873131,0.5301834239348013,0.6313007968944638,7.562117162020598,17.14359395240151,0.18725279907649,0.2301491742711869,0.9259768673982062,0.9129694874702587,0.0024439410999109,0.042896375194696884,0.06896738743124203,2.712689150430224,-0.013007379927947427,0.08727055831279469,0.1011173729596625,9.581476790380911,-0.6102046490335229,-0.28654583571812475,0.06896738743124203,0.0024439410999109
R6_high_expansion_high_friction,a150_mu060_g020,R6,19,1.5943032341014736,3.8223716744140046,0.0295902883156297,0.3053249645677263,0.489195205221926,0.5311970135725095,0.0011554771577508,0.0033333393852841,0.501226744814493,0.5341205431560371,5.634086889158711,9.254972262469908,0.2008125668053944,0.3518401157231279,0.9395878926080016,0.9319642520304252,0.0021778622275333,0.1510275489177335,0.04200180835058348,2.228068440312531,-0.007623640577576363,0.2757346762520966,0.032893798341544045,3.6208853733111965,-1.7080685285101689,0.1453213919985288,0.04200180835058348,0.0021778622275333
R6_high_expansion_high_friction,a150_mu060_g020,R6,20,1.1599248343388389,3.6825239837800416,0.0036764705882352,0.0413800754382072,0.4976826937634754,0.5681412619786992,0.0013827322655285,0.0034690890870665,0.5254902657938246,0.6378375736442345,6.383075322987934,17.650304350419248,0.1828884103685073,0.2179173318125329,0.9216462618295964,0.9087153445567068,0.002086356821538,0.035028921444025585,0.07045856821522378,2.522599149441203,-0.012930917272889642,0.037703604849972004,0.11234730785040992,11.267229027431313,-0.14676409614347308,-0.9231553614651833,0.07045856821522378,0.002086356821538
R6_high_expansion_high_friction,a150_mu060_g020,R6,21,1.6077539313618832,3.796261497379092,0.0177215189873417,0.322502030869212,0.4910615667723201,0.5213675630709768,0.0011463290132149,0.0023060531568522,0.5134910769245542,0.5375764744134219,6.116646390202078,9.540681888289212,0.1906660005134848,0.3039809168623694,0.9430341142811032,0.9319561792172268,0.0011597241436372998,0.11331491634888458,0.030305996298656657,2.1885075660172086,-0.011077935063876332,0.3047805118818703,0.024085397488867732,3.424035498087134,-2.0242481656997473,0.2697391911210397,0.030305996298656657,0.0011597241436372998
R6_high_expansion_high_friction,a150_mu060_g020,R6,22,1.122342003758283,3.601819800217585,0.0036697247706422,0.0363951473136915,0.4972174080977942,0.563898897541831,0.0013112766321925,0.0032630684427709,0.5315202160862612,0.6387664173405102,6.755160768252649,17.385312539149844,0.1742785853310378,0.2162509088105385,0.9135412136673836,0.9087844145740516,0.0019517918105783998,0.041972323479500695,0.06668148944403679,2.479477796459302,-0.0047567990933320425,0.0327254225430493,0.107246201254249,10.630151770897195,0.6530412933060368,-1.026671546021543,0.06668148944403679,0.0019517918105783998
R6_high_expansion_high_friction,a150_mu060_g020,R6,23,1.658985263574325,3.720898031846504,0.014792899408284,0.2884494664155681,0.4904666468165071,0.5331340798740144,0.0011536919600719,0.0030247456438069,0.5141885040591553,0.5380450995000726,6.232463607010006,9.24684395705663,0.1965337613514894,0.349902902485607,0.9451882789806912,0.9315185252499047,0.001871053683735,0.15336914113411762,0.04266743305750731,2.061912768272179,-0.013669753730786494,0.27365656700728413,0.02385659544091734,3.0143803500466237,-2.205919543538048,-0.1419139031474663,0.04266743305750731,0.001871053683735
R6_high_expansion_high_friction,a150_mu060_g020,R6,24,1.13302343981802,3.6617545247749974,0.003076923076923,0.0372553380782918,0.495308090484856,0.5662155626172157,0.0012918712602269,0.0040554327555244,0.5225143706750798,0.6191713511838911,7.286594230573191,15.322962312857706,0.1821040820091482,0.2436484307634943,0.9161564237406888,0.9071932031028376,0.0027635614952975004,0.061544348754346084,0.0709074721323597,2.5287310849569775,-0.008963220637851266,0.034178415001368805,0.09665698050881133,8.036368082284515,0.360796192506454,-0.9360639468948909,0.0709074721323597,0.0027635614952975004
R6_high_expansion_high_friction,a150_mu060_g020,R6,25,1.715161705073682,3.7021066165562257,0.0096885813148788,0.2818402448032077,0.4901147732390293,0.5240943730922585,0.0012647236727455,0.0020608576248066,0.5058029918155782,0.5471207116839996,6.205875497654391,10.163845068597078,0.2064840417566197,0.2834756794905255,0.9427072984065984,0.9309646112509468,0.0007961339520610997,0.0769916377339058,0.03397959985322918,1.9869449114825437,-0.011742687155651632,0.27215166348832887,0.041317719868421365,3.957969570942687,-1.8949909449486346,-0.2752142857244352,0.03397959985322918,0.0007961339520610997
R6_high_expansion_high_friction,a150_mu060_g020,R6,26,1.1229354168727128,3.5857976461279795,0.001628664495114,0.0354741479248782,0.5054928262118671,0.5609245927785417,0.0015190937271802,0.0039742541608846,0.5257480533697896,0.6395375825661728,6.581695924782258,17.706629864344116,0.1778045000891488,0.2490840468002477,0.9109740551658828,0.9072509621180592,0.0024551604337044,0.0712795467110989,0.05543176656667459,2.4628622292552667,-0.003723093047823589,0.0338454834297642,0.11378952919638319,11.124933939561858,1.0529008296353302,-1.0467282582675352,0.05543176656667459,0.0024551604337044
R6_high_expansion_high_friction,a150_mu060_g020,R6,27,1.650875284343784,3.728414597962615,0.0091116173120728,0.2774771024146544,0.4901711678738676,0.5242144997886438,0.0011338716578626,0.001901970442631,0.5119859926411071,0.5482059466530924,6.4020393064191685,9.792074618972784,0.1907331530444391,0.2851486167405254,0.938724944016922,0.9325426079608576,0.0007680987847684,0.09441546369608628,0.034043331914776154,2.077539313618831,-0.00618233605606433,0.2683654851025816,0.0362199540119853,3.390035312553615,-1.5444932019732944,-0.15070980920556815,0.034043331914776154,0.0007680987847684
R6_high_expansion_high_friction,a150_mu060_g020,R6,28,1.1106715458411631,3.547423598061517,0.0034782608695652,0.0290711415740959,0.4939481584000531,0.5610061453049922,0.0012984519868242,0.0044286999289798,0.5234031369933686,0.6239677352934705,6.840298547972685,14.632576891262511,0.1796369288933823,0.2621343622851835,0.9066248978840354,0.9056462533518636,0.0031302479421555997,0.08249743339180118,0.06705798690493908,2.4367520522203536,-0.0009786445321718906,0.0255928807045307,0.10056459830010189,7.792278343289826,1.3108740332991489,-1.143597307937387,0.06705798690493908,0.0031302479421555997
R6_high_expansion_high_friction,a150_mu060_g020,R6,29,1.7632281673424983,3.609138561962219,0.013189448441247,0.2509610104338275,0.4906111622400992,0.5230798567864641,0.0012007275243516,0.0022652999865404,0.4988101348928288,0.5442842358830547,5.485666570185021,9.354925566950184,0.1911308865085454,0.3009099557723656,0.9434829592740598,0.9286518036468924,0.0010645724621887998,0.10977906926382022,0.03246869454636486,1.8459103946197208,-0.014831155627167414,0.2377715619925805,0.04547410099022592,3.869258996765163,-1.9187401812380038,-0.7319032007669231,0.03246869454636486,0.0010645724621887998
R6_high_expansion_high_friction,a150_mu060_g020,R6,30,1.0962318267233706,3.492829591533973,0.0046728971962616,0.0346079380445304,0.4933516104947691,0.557718416897255,0.0012764154965031,0.0041621524607003,0.521633783783853,0.6023057432441423,6.5248006509753615,11.90620736256287,0.1821154352655815,0.2607640646112419,0.902854677018968,0.9046354653421464,0.0028857369641971994,0.07864862934566041,0.06436680640248588,2.3965977648106023,0.001780788323178406,0.0299350408482688,0.08067195946028938,5.381406711587509,1.6800061291015016,-1.1813940391690507,0.06436680640248588,0.0028857369641971994
