N,contacts,Z,components,giant_fraction,beta1_loops,loop_density,loop_redundancy,degree_mean,degree_var,degree_susceptibility,degree_entropy,rattler_fraction_Z0,low_coord_fraction_Zle2,mean_core,max_core,kcore4_fraction,kcore5_fraction,triangles,triangle_density,transitivity,boundary_edge_fraction,vertical_spanning_components,bottom_side_spanning_components,largest_component_zspan_norm,height_m,fabric_Qxx,fabric_Qyy,fabric_Qzz,fabric_anisotropy,fabric_vertical_bias,mean_abs_nz,orientation_entropy,family,run,cycle,phase,force_proxy_gini,force_proxy_q99_q50,net_force_p99_N,height_m_micro
10111.0,15582.0,3.0821877163485314,1671.0,0.7799426367322718,7142.0,0.706359410542973,0.4583493774868438,3.0821877163485314,4.165433884651803,1.351453664732203,0.8518635042684906,0.13401246167540304,0.40955395114232024,1.9657798437345466,3.0,0.0,0.0,1269.0,0.1255068737019088,0.07115488851092462,0.12578616352201258,1.0,1.0,0.9914216509177388,0.012449947999999999,0.3324842819479057,0.32575535260920735,0.34176036544288824,0.018855619774388377,0.012640548164331689,0.4956093130803332,0.9377934376537321,long,R1_low_expansion_low_friction,1,cold,0.4614889171013114,5.1288849569326525,0.0012701194663108,0.0134506229999999
10111.0,14451.0,2.858470972208486,1115.0,0.8672732667391949,5455.0,0.5395114232024528,0.37748252716075015,2.858470972208486,3.0844102424320385,1.0790420026721452,0.8433532024081944,0.0945504895658194,0.4416971615072693,1.8095143902680249,3.0,0.0,0.0,817.0,0.08080308574819503,0.05773851590106007,0.10123866860424884,1.0,1.0,1.0,0.01244829,0.34397348701356295,0.3410909633647399,0.31493554962169723,0.031261775383433,-0.027596675567454154,0.4724171652588525,0.9254345532627969,long,R1_low_expansion_low_friction,1,hot,0.5854417256265685,11.964982952361323,0.0017973213877169,0.013454698
10111.0,19496.0,3.8563940263079814,1168.0,0.8586687765799624,10553.0,1.0437147660963306,0.5412905211325401,3.8563940263079814,4.686527952348846,1.2152616979431468,0.8768006148778033,0.09771535950944515,0.2753436850954406,2.3055088517456235,3.0,0.0,0.0,2396.0,0.23696963702897833,0.09055063554251017,0.11033032416906031,1.0,1.0,0.9758215407711078,0.012432554,0.3199611123380884,0.3180290000769698,0.3620098875849435,0.04433129983142392,0.04301483137741441,0.5172566896760679,0.94809461266456,long,R1_low_expansion_low_friction,2,cold,0.4164479266583276,4.127421038110549,0.0008124819476769,0.0134336229999999
10111.0,23288.0,4.606468202947285,352.0,0.9615270497477995,13529.0,1.3380476708535258,0.580942974922707,4.606468202947285,3.56454722376889,0.7738134871935599,0.8387071807662125,0.03164869943625754,0.14113341904856097,2.668084264662249,3.0,0.0,0.0,3468.0,0.3429927801404411,0.10199200062740177,0.09687392648574374,1.0,1.0,1.0,0.012429578,0.331466666415162,0.33231360083463585,0.33621973275020084,0.006736099856234301,0.004329599125301897,0.49252301298261186,0.9376086170261863,long,R1_low_expansion_low_friction,2,hot,0.5548417272225904,9.936499856701989,0.00075846484251,0.013436398
10111.0,17683.0,3.497774700820888,1366.0,0.8153496192265849,8938.0,0.8839877361289684,0.5054572187977153,3.497774700820888,4.653713770227324,1.3304784236489418,0.8784225168897157,0.10750667589753733,0.3458609435268519,2.1228365146869748,3.0,0.0,0.0,1895.0,0.18741964197408761,0.08397961444715267,0.12017191653000056,1.0,1.0,0.9774157096130628,0.01241571,0.3175175063031158,0.3182927296017109,0.3641897640951756,0.04815979039634427,0.04628464614276223,0.5188544180531603,0.9472886567200843,long,R1_low_expansion_low_friction,3,cold,0.4209736669615982,4.07552018522009,0.0007279685760761,0.013416823
10111.0,24542.0,4.854514884778953,239.0,0.974681040450994,14670.0,1.4508950647809316,0.5977507945562709,4.854514884778953,3.4041134799238293,0.7012262936091158,0.8290257171911266,0.022055187419641974,0.11393531797052715,2.745227969538127,3.0,0.0,0.0,3931.0,0.3887844921372762,0.10547640129866645,0.09057941488061283,1.0,1.0,0.9952156597738069,0.012415505,0.3314658569962205,0.33232132176415824,0.33621282123962426,0.004943493341597438,0.004319231859434891,0.49295758122421357,0.9377294126197655,long,R1_low_expansion_low_friction,3,hot,0.5906294448692899,12.551919732011322,0.0004856230267704,0.013422498
10111.0,17837.0,3.528236574028286,1424.0,0.8019978241519138,9150.0,0.9049549995054891,0.5129786399058137,3.528236574028286,4.925891450708627,1.3961341161101903,0.8874050699876694,0.1128473939274058,0.3508060528137672,2.115814459499555,3.0,0.0,0.0,2101.0,0.2077934922361784,0.09004414348776411,0.11846162471267589,1.0,1.0,0.958344245009526,0.012322427,0.3175275339641731,0.3185581153903113,0.3639143506455172,0.04763369384285321,0.045871525968274984,0.5185543202710615,0.9465865321931619,long,R1_low_expansion_low_friction,5,cold,0.4139673085262816,3.988884453968974,0.0006999358487903,0.013323623
10111.0,25436.0,5.031351992879043,159.0,0.9831866284244882,15484.0,1.5314014439719117,0.6087435131309954,5.031351992879043,3.2397449726295466,0.6439114133169002,0.8219681077499094,0.014637523489269113,0.09563841360894076,2.79873405202255,3.0,0.0,0.0,4440.0,0.4391257046780734,0.11200807265388496,0.09077685170624313,1.0,1.0,1.0,0.012344942999999999,0.33383620586623924,0.3339213640566328,0.332242430077131,0.003538015413820206,-0.0016363548843050246,0.4897538736760333,0.9349753364045005,long,R1_low_expansion_low_friction,5,hot,0.5836374951876209,12.067097100205512,0.0002788658862389,0.013351798
10111.0,17923.0,3.5452477499752746,1450.0,0.7875581050341213,9262.0,0.9160320443081792,0.5167661663783965,3.5452477499752746,5.058357151061845,1.4267993403555852,0.8896432442451327,0.1128473939274058,0.35634457521511226,2.1035505884680052,3.0,0.0,0.0,2301.0,0.22757392938383939,0.0969645039401048,0.12112927523294091,1.0,1.0,0.977473515097996,0.012283319,0.31810413818678,0.3176700854588454,0.3642257763543718,0.04778804208797244,0.046338664531559104,0.517767691556257,0.9470253809106405,long,R1_low_expansion_low_friction,10,cold,0.4135549045610853,3.961150005324601,0.0007103891094895,0.013284423
10111.0,26074.0,5.15755118188112,163.0,0.9823954109385817,16126.0,1.5948966472159034,0.6184705070184858,5.15755118188112,3.315994557142061,0.6429397286044216,0.8265829443584589,0.014538621303530808,0.08812184749282959,3.0170111759469886,4.0,0.2035406982494313,0.0,5003.0,0.494807635248739,0.11991083983126678,0.09147043031372248,1.0,1.0,0.9923969995780744,0.012232013,0.33589556949022087,0.33609688632581264,0.32800754418396905,0.008881468486511779,-0.007988683724047707,0.48517818170642535,0.9330888479960098,long,R1_low_expansion_low_friction,10,hot,0.6008724338279066,14.042604926645769,0.0002369195349165,0.013238998
10111.0,18113.0,3.5828305805558305,1406.0,0.792008703392345,9408.0,0.9304717634259717,0.5194059515265279,3.5828305805558305,5.083214260585946,1.4187704794563156,0.8611896725345258,0.10800118682622886,0.35179507467115023,2.1240233409158344,3.0,0.0,0.0,2436.0,0.24092572445851054,0.10082642347649728,0.12140451609341357,1.0,1.0,0.959348445231548,0.012213555000000001,0.32002536855561137,0.31823229599806585,0.36174233544632156,0.0452728740513732,0.042613503169482925,0.5154636352888481,0.9442408607591356,long,R1_low_expansion_low_friction,20,cold,0.4131135623357995,4.033213557732923,0.0007010008805433,0.013214723
10111.0,26395.0,5.221046385125112,127.0,0.9866482049253289,16411.0,1.6230837701513203,0.6217465429058534,5.221046385125112,3.2379548342642055,0.6201735428915586,0.8208981488056277,0.011670457917119969,0.08396795569182079,3.1892987835031152,4.0,0.3598061517159529,0.0,5139.0,0.5082583325091484,0.12064890753145933,0.09160825913998863,1.0,1.0,1.0,0.012168506999999999,0.33794425967459435,0.3383929911996433,0.3236627491257665,0.016359914108652285,-0.014505876311352306,0.48051395018390064,0.9294220593366173,long,R1_low_expansion_low_friction,20,hot,0.6157490800670147,15.134320812338656,0.0002217826431618,0.013175398
10111.0,18059.0,3.5721491444960933,1396.0,0.7975472257936901,9344.0,0.9241420235387202,0.5174151392657401,3.5721491444960933,5.094166472069044,1.426078885848887,0.8938727970291371,0.10750667589753733,0.3552566511719909,2.122935416872713,3.0,0.0,0.0,2446.0,0.24191474631589358,0.10162871863054679,0.12293039481698875,1.0,1.0,0.948345575735192,0.012308723,0.32048659500025434,0.3192538266704901,0.3602595783292577,0.04286790995076206,0.04038936749388544,0.5129680259781081,0.9421890019395708,long,R1_low_expansion_low_friction,30,cold,0.4133670129904632,4.002885240632192,0.0006758019698461,0.013309923
10111.0,26461.0,5.234101473642568,143.0,0.9853624765107308,16493.0,1.6311937493818613,0.6232946600657572,5.234101473642568,3.2511998627126935,0.6211572089469037,0.7929965608074552,0.01354959944614776,0.08268222727722283,3.2090792206507763,4.0,0.38097121946395013,0.0,5263.0,0.5205222035406982,0.12289550496205487,0.09270246778277465,1.0,2.0,1.0,0.01221502,0.3378975920475356,0.33864616144154264,0.3234562465109252,0.015693395512134167,-0.01481563023361393,0.47943144871269294,0.9289249732394848,long,R1_low_expansion_low_friction,30,hot,0.6069306349707065,14.686354182105903,0.000233308595253,0.013221998
10111.0,15448.0,3.0556819305706657,2010.0,0.7399861536939967,7347.0,0.7266343586193255,0.47559554634904194,3.0556819305706657,4.585070821193622,1.5005065727954658,0.8587275566295347,0.16012263871031548,0.4189496587874592,1.9453070912867174,3.0,0.0,0.0,1334.0,0.13193551577489862,0.07284840541721276,0.12131020196789229,1.0,1.0,0.9888053681286489,0.012389867,0.3148989005150101,0.3185215843374748,0.3665795151475116,0.051905772448191445,0.04986927272126912,0.523018448606775,0.9503363957337477,long,R3_intermediate,1,cold,0.441570043238511,4.5418551237738205,0.00102625502152,0.013392646
10111.0,20156.0,3.986944911482544,333.0,0.9640985065769954,10378.0,1.0264068835921274,0.5148839055368128,3.986944911482544,2.997752618763297,0.7518921593648465,0.8477744514916012,0.030264068835921275,0.19206804470378797,2.5271486499851648,3.0,0.0,0.0,1895.0,0.18741964197408761,0.07543789808917198,0.08468942250446518,1.0,1.0,1.0,0.012441134999999999,0.3458613165570566,0.34259923914634255,0.311539444296599,0.034477035628936836,-0.03269083355510055,0.47207042201815974,0.9229705937361181,long,R3_intermediate,1,hot,0.6128524291896598,14.64125373563364,0.0017284897376456,0.013453896
10111.0,8081.0,1.5984571259024825,3823.0,0.31490455939076256,1793.0,0.17733161902878053,0.22187848038609084,1.5984571259024825,2.4169454980876353,1.5120489995770374,0.7304525693281971,0.2874097517555138,0.7567995252695084,1.0088022945307091,3.0,0.0,0.0,263.0,0.026011274849174166,0.046262093227792435,0.14973394381883431,0.0,1.0,0.6028477626099638,0.012446824,0.32244074747065576,0.3172564283904745,0.3603028241388678,0.04734298814462856,0.040454236208302685,0.5131522760529134,0.9346242011448337,long,R3_intermediate,2,cold,0.5108394885455919,6.578892379556515,0.0006546727805621,0.013450346
10111.0,21651.0,4.282662446840075,272.0,0.9701315399070319,11812.0,1.1682326179408564,0.5455637153018337,4.282662446840075,3.138774673813773,0.7329026540790508,0.820876729708489,0.02423103550588468,0.1639798239541094,2.6360399564830383,3.0,0.0,0.0,2455.0,0.24280486598753834,0.08471262120288471,0.09048080920049882,1.0,1.0,1.0,0.012439467000000001,0.3450940940462502,0.34437332877304777,0.31053257718070365,0.03507442506812708,-0.03420113422894533,0.4702588393142227,0.9217230760782914,long,R3_intermediate,2,hot,0.6499552321981675,18.537807680519755,0.000769447619599,0.013453696
10111.0,8480.0,1.6773810701216496,3380.0,0.35001483532786076,1749.0,0.17297992285629513,0.20625,1.6773810701216496,2.2669980269742678,1.3515104393123127,0.7688980988355287,0.24349718128770645,0.7496785678963505,1.0397586786667985,3.0,0.0,0.0,247.0,0.02442883987736129,0.04306887532693984,0.1479952830188679,0.0,1.0,0.9176949046116482,0.012447589,0.3185921959550003,0.3211237920765732,0.36028401196842613,0.0424399178694726,0.04042601795263939,0.5133412669270615,0.9393888408834346,long,R3_intermediate,3,cold,0.5169561489577144,6.49181501564671,0.0006389736775,0.013451346
10111.0,22746.0,4.499258233606962,251.0,0.9724062901790129,12886.0,1.2744535654237958,0.5665171898355755,4.499258233606962,3.170580994634759,0.7046897132847985,0.8218699749022876,0.022351893976856888,0.13470477697557115,2.7017110078132727,3.0,0.0,0.0,2919.0,0.28869548017011176,0.09157838595317026,0.09342301943198804,1.0,1.0,1.0,0.012429717000000002,0.33561663574292466,0.33592076603726845,0.3284625982198066,0.00850113618411763,-0.007306102670289971,0.4855308609062263,0.9329670385146185,long,R3_intermediate,3,hot,0.5908427627069512,13.505269220176396,0.0012950392012624,0.013442596
10111.0,8981.0,1.7764810602314312,3008.0,0.4563346849965384,1878.0,0.18573830481653644,0.20910811713617639,1.7764810602314312,2.3149883489390795,1.303131455078668,0.7459160713116484,0.2194639501532984,0.7262387498763723,1.1057264365542478,3.0,0.0,0.0,266.0,0.02630798140638908,0.042726347914547304,0.1498719518984523,1.0,1.0,0.9946897645573355,0.012447659,0.31778592073370887,0.314904706093497,0.3673093731727963,0.053252021220513535,0.05096405975919338,0.5191602664798439,0.9410560622844234,long,R3_intermediate,5,cold,0.5033748469922362,5.888651074035353,0.0006621356902871,0.013451246
10111.0,22358.0,4.422510137474038,367.0,0.9589555929186035,12614.0,1.2475521709029769,0.5641828428303068,4.422510137474038,3.4440744429542978,0.7787601013666451,0.8356606054193428,0.03234101473642567,0.153792898823064,2.6533478389872416,3.0,0.0,0.0,2915.0,0.2882998714271585,0.09309926329685304,0.09092942123624653,1.0,1.0,1.0,0.012403459,0.33661434239805227,0.33271744513583096,0.33066821246612016,0.0066735474148443275,-0.003997681300821454,0.4865885769115824,0.9343586651764495,long,R3_intermediate,5,hot,0.5753868952902386,11.84496693610654,0.0013426735957997,0.013416996
10111.0,8017.0,1.5857976461279795,4363.0,0.3514983681139353,2269.0,0.22440905944021364,0.2830235749033304,1.5857976461279795,2.810139505685292,1.7720668917290747,0.7353792339071552,0.3250914845218079,0.7546236771832657,1.0102858273167836,3.0,0.0,0.0,334.0,0.03303333003659381,0.05300745913347088,0.1723836846700761,0.0,1.0,0.6403136970102059,0.01244768,0.31500982756454327,0.3164532941946383,0.36853687824081743,0.055079410196437695,0.05280531736122668,0.5186012869750471,0.9294865687744979,long,R3_intermediate,10,cold,0.4906911069626363,5.614889426745516,0.0007137754757173,0.013451346
10111.0,21791.0,4.310355058846801,329.0,0.9643952131342103,12009.0,1.1877163485313025,0.5510990776008444,4.310355058846801,3.354179193486177,0.7781677257890582,0.8340461587910277,0.02996736227870636,0.16546335674018395,2.621006824250816,3.0,0.0,0.0,2609.0,0.25803580259123726,0.08785201979953532,0.09256114909825157,1.0,1.0,1.0,0.012438342,0.3448221518740761,0.34265536403143737,0.31252248409448585,0.033485137421025934,-0.031216273858270915,0.4690738639679918,0.9220461348977481,long,R3_intermediate,10,hot,0.6266809089406569,16.429250004220457,0.0005985394506329,0.013452696
10111.0,8322.0,1.6461279794283454,4313.0,0.37661952329146475,2524.0,0.24962911680348135,0.30329247776976687,1.6461279794283454,3.047952320284306,1.8515889155488234,0.7492738888778353,0.32825635446543366,0.737513599050539,1.0751656611611116,3.0,0.0,0.0,429.0,0.04242903768173276,0.06191667468488406,0.17303532804614274,0.0,1.0,0.6636798821652142,0.012448616,0.31162434792310867,0.3153305014447489,0.3730451506321429,0.06168740901871189,0.05956772594821408,0.5222878997352346,0.9321597942183459,long,R3_intermediate,20,cold,0.4808993353102038,5.363718970684356,0.0007149044791562,0.013452246
10111.0,21842.0,4.320443081792107,354.0,0.9613292453763228,12085.0,1.1952329146474137,0.5532918230931233,4.320443081792107,3.4340583933333564,0.7948394014969684,0.8367372338269093,0.03164869943625754,0.16744140045495007,2.615171595292256,3.0,0.0,0.0,2746.0,0.271585402037385,0.09164942260196249,0.09619082501602418,1.0,1.0,0.9998472369792639,0.012437565000000001,0.3401624606836069,0.3434631423474306,0.3163743969689635,0.027600499244063437,-0.025438404546555216,0.4715812572889903,0.9246380903910608,long,R3_intermediate,20,hot,0.6701939364752526,22.73509960400532,0.0006052243017713,0.013451696
10111.0,8305.0,1.642765305113243,4217.0,0.36653150034615767,2411.0,0.2384531698150529,0.2903070439494281,1.642765305113243,2.9126365623646557,1.7730083252299238,0.7462510872910509,0.31302541786173477,0.7404806646226881,1.0870339234497082,3.0,0.0,0.0,393.0,0.03886855899515379,0.058764890594626924,0.16857314870559903,0.0,2.0,0.5335355358708668,0.012447915,0.31274749698917637,0.3166457127699392,0.37060679024088333,0.05797355437192242,0.05591018536132558,0.5197514403033259,0.9250351869761572,long,R3_intermediate,30,cold,0.4762935177312925,4.988689882530673,0.0006574346891307,0.013451546
10111.0,21989.0,4.349520324399169,365.0,0.9598457125902482,12243.0,1.2108594599940659,0.5567783891945973,4.349520324399169,3.4493912742135633,0.7930509612436523,0.8705790578798703,0.0327366234793789,0.16447433488280092,2.628622292552665,3.0,0.0,0.0,2763.0,0.2732667391949362,0.09099691517273935,0.09591159215971622,1.0,1.0,0.9972241110336275,0.012428451,0.34363371841120377,0.34154036203660704,0.31482591955218614,0.029408072403727614,-0.027761120671719264,0.4702823375102165,0.9226611613447124,long,R3_intermediate,30,hot,0.6617134121814359,21.41464226281386,0.0006398779581345,0.013442596
10111.0,8339.0,1.6494906537434477,3047.0,0.38532291563643556,1275.0,0.12610028681633864,0.1528960306991246,1.6494906537434477,1.86863761021331,1.1328573496142689,0.7840361508635731,0.21085945999406586,0.7682721788151519,1.0536049846701612,2.0,0.0,0.0,184.0,0.018198002175848087,0.037139204736594225,0.13262981172802493,0.0,1.0,0.992025970857215,0.012508482,0.3328771076243402,0.3248910606135322,0.34223183176212835,0.021595832749016775,0.013347747643192132,0.5004820860547079,0.9332486758295313,long,R6_high_expansion_high_friction,1,cold,0.5070012964567625,5.853276197694755,0.0007015001151014,0.013514169
10111.0,24692.0,4.884185540500445,170.0,0.9827910196815349,14751.0,1.4589061418257343,0.5973999676008424,4.884185540500445,2.7197489138488797,0.5568479926276937,0.8211868957107924,0.01621995846108199,0.07635248738997132,2.8441301552764315,3.0,0.0,0.0,4015.0,0.39709227573929384,0.10984150723157453,0.0891381824072574,1.0,1.0,1.0,0.012540872,0.3474032764297802,0.34554337736206786,0.30705334620815294,0.04151529534707954,-0.03941998068777108,0.4670131350285602,0.9175298519090809,long,R6_high_expansion_high_friction,1,hot,0.3929147039004135,3.545941664762377,0.0010727015493299,0.013554495
10111.0,8284.0,1.6386114133122343,3324.0,0.38057561072099694,1497.0,0.1480565720502423,0.1807098020280058,1.6386114133122343,2.0333781133659286,1.240915385335762,0.752870564694722,0.23489269112847394,0.7599643952131342,1.0469785382256949,2.0,0.0,0.0,194.0,0.019187024033231134,0.037379576107899805,0.13906325446644133,0.0,1.0,0.8066424294302759,0.01252343,0.3236332551872373,0.31855222416147355,0.35781452065128966,0.040993459085513884,0.03672178097693424,0.5128161800970572,0.9403877129916737,long,R6_high_expansion_high_friction,2,cold,0.5180638101098611,6.589354306303619,0.0008117102077067,0.013529169
10111.0,23931.0,4.733656413806745,173.0,0.9817030956384136,13993.0,1.3839382850360993,0.5847227445572688,4.733656413806745,2.8056311662923115,0.5926985233041152,0.797219404731139,0.015725447532390465,0.09603402235189398,2.8039758678666797,3.0,0.0,0.0,3445.0,0.3407180298684601,0.09982228060347326,0.08946554678032677,1.0,1.0,1.0,0.012534231,0.35110268374199366,0.3495215248137862,0.299375791444218,0.05233689186113699,-0.05093631283367195,0.4590532083923803,0.9120467708740341,long,R6_high_expansion_high_friction,2,hot,0.4605587693287418,5.3940282372315265,0.0019831024828044,0.013549895
10111.0,9668.0,1.912372663435862,3257.0,0.48244486203145087,2814.0,0.27831075066758976,0.2910633016135705,1.912372663435862,2.928331735713992,1.531255801603443,0.7820939594801758,0.2380575610720997,0.6835130056374246,1.2143210364949066,3.0,0.0,0.0,396.0,0.039165265552368704,0.05028571428571429,0.13860157219693836,0.0,1.0,0.9114033652675974,0.01253095,0.31904341634209826,0.31186388909764395,0.3690926945602578,0.059989524103598035,0.05363904184038665,0.523141457673991,0.9432576335022448,long,R6_high_expansion_high_friction,3,cold,0.4855560913896879,5.002522074424679,0.0010030739389691,0.013536469
10111.0,22934.0,4.536445455444565,189.0,0.9791316388092177,13012.0,1.2869152408268223,0.5673672276968693,4.536445455444565,2.8600850410116387,0.6304682970626293,0.8025579094258439,0.017110078132726733,0.1170012857284146,2.752744535654238,3.0,0.0,0.0,2961.0,0.29284937197112054,0.09295341341927922,0.09012819394785035,1.0,1.0,1.0,0.01252823,0.3528086118432652,0.3485968671589083,0.2985945209978283,0.05453389402355813,-0.052108218503258474,0.4576476074290102,0.9118748991896756,long,R6_high_expansion_high_friction,3,hot,0.4713178545423982,5.927467738718461,0.0023391499333305,0.0135458949999999
10111.0,6770.0,1.3391355948966472,3778.0,0.3467510631984967,437.0,0.04322025516763921,0.06454948301329394,1.3391355948966472,1.4071905889723466,1.0508200919571193,0.7158048923850165,0.2748491741667491,0.8442290574621699,0.8964494115319949,2.0,0.0,0.0,104.0,0.0102858273167837,0.033156216790648244,0.12215657311669129,1.0,6.0,0.9978304489901374,0.012532547,0.3234617359768245,0.3208250102325907,0.35571325379058777,0.03912281666182704,0.03356988068588018,0.5121010653774379,0.9401776527937479,long,R6_high_expansion_high_friction,5,cold,0.5409304412209808,8.27696872213967,0.0006871253859361,0.013538269
10111.0,21004.0,4.154683018494708,247.0,0.9729997032934428,11140.0,1.1017703491247157,0.5303751666349267,4.154683018494708,2.8104120026777055,0.6764443858092336,0.8340049201193837,0.02215408960538028,0.16071605182474533,2.6403916526555236,3.0,0.0,0.0,2149.0,0.21254079715161706,0.08011780934272826,0.09022091030279947,1.0,1.0,1.0,0.012527677000000001,0.35296934774116173,0.3546027866085067,0.2924278656503321,0.0636842751104546,-0.06135820152450211,0.4515126678945086,0.9075612705035901,long,R6_high_expansion_high_friction,5,hot,0.5729720657482021,11.668732647215458,0.0038735766111312,0.013546295
10111.0,6202.0,1.2267827118979329,4381.0,0.20185936109188013,472.0,0.046681831668479876,0.07610448242502418,1.2267827118979329,1.4167725488693543,1.1548683683987457,0.7022707719374375,0.32548709326476116,0.8558006131935516,0.8415586984472356,2.0,0.0,0.0,96.0,0.009494609830877262,0.0336095226980978,0.1436633344082554,0.0,3.0,0.5943287988975803,0.012535334,0.3146168715316219,0.3157282195266143,0.36965490894176334,0.05625943420698887,0.05448236341264523,0.5218881530749018,0.9337221784106821,long,R6_high_expansion_high_friction,10,cold,0.517320063428158,6.415368226460404,0.0006679002037409,0.013541169
10111.0,21445.0,4.241914746315894,262.0,0.9727029967362278,11596.0,1.1468697458213826,0.5407321053858708,4.241914746315894,3.057291715014472,0.7207338897298047,0.8177073457049867,0.02442883987736129,0.16101275838196025,2.651765404015429,3.0,0.0,0.0,2466.0,0.24389279003065967,0.08705680226879582,0.0942877127535556,1.0,1.0,1.0,0.012523853000000001,0.3379749596309921,0.3410076145507421,0.3210174258182648,0.0219723880843411,-0.018473861272602254,0.476780043560639,0.9270496096441617,long,R6_high_expansion_high_friction,10,hot,0.5764258136262989,12.53477567650136,0.002024809189408,0.013543595
10111.0,5864.0,1.1599248343388389,4791.0,0.22826624468400752,544.0,0.05380278904163782,0.0927694406548431,1.1599248343388389,1.486143956371684,1.2812416049517479,0.6959085473397465,0.368905152803877,0.860449015923252,0.7904262684205321,2.0,0.0,0.0,90.0,0.008901196716447433,0.03194888178913738,0.1524556616643929,0.0,2.0,0.49993398860774996,0.012535715,0.30907367140559655,0.3128272619746999,0.3780990666197039,0.07344095631769337,0.06714859992955563,0.5279620219226814,0.9216462618295963,long,R6_high_expansion_high_friction,20,cold,0.5254902657938246,6.383075322987934,0.000810740306544,0.013541569
10111.0,18617.0,3.6825239837800416,508.0,0.9423400257145683,9014.0,0.8915043022450796,0.48418112477842834,3.6825239837800416,3.0872220342136223,0.8383440400691285,0.8518064632818606,0.044703787953713776,0.2522994758184156,2.3918504598951635,3.0,0.0,0.0,1625.0,0.16071605182474533,0.07437297858058217,0.10157383037009185,1.0,1.0,0.9999281353355362,0.01252354,0.35004993881920127,0.3518421469981507,0.2981079141826474,0.05545513355479759,-0.052838128726028555,0.45137710157185323,0.9087153445567068,long,R6_high_expansion_high_friction,20,hot,0.6378375736442345,17.650304350419248,0.0013648811489346,0.013544895
10111.0,5542.0,1.0962318267233706,5211.0,0.23706853921471666,642.0,0.06349520324399169,0.11584265608083724,1.0962318267233706,1.5348992614576362,1.400159367791245,0.6846484099624526,0.4043121352981901,0.8686578973395312,0.7495796657106122,2.0,0.0,0.0,108.0,0.010681436059736921,0.03906909441697817,0.1773727896066402,0.0,2.0,0.45903106374112085,0.012535644,0.3064027104948857,0.3124603509546485,0.38113693855046393,0.07590223450182843,0.07170540782569679,0.5287579764983643,0.9028546770189679,long,R6_high_expansion_high_friction,30,cold,0.521633783783853,6.5248006509753615,0.0008549455752601,0.013541469
10111.0,17658.0,3.492829591533973,717.0,0.9100979131638809,8264.0,0.817327662941351,0.46800317136708575,3.492829591533973,3.240552877597292,0.9277729682123179,0.8588279539654364,0.0596380180001978,0.295915339729008,2.269904064879834,3.0,0.0,0.0,1498.0,0.1481554742359806,0.07440274167646231,0.10827953335598596,1.0,1.0,1.0,0.012521533999999999,0.3490075640900969,0.35610682036158386,0.29488561554832027,0.0615596894663174,-0.0576715766775201,0.4458797875413735,0.9046354653421463,long,R6_high_expansion_high_friction,30,hot,0.6023057432441423,11.90620736256287,0.0010917489163318,0.013542895
10111.0,25554.0,5.054692908713283,30.0,0.9971318366135892,15473.0,1.5303135199287905,0.6055020740392894,5.054692908713283,2.194516350655875,0.4341542385043741,0.7528279991601977,0.0028681633864108395,0.0451982988824053,2.920581544852141,3.0,0.0,0.0,3874.0,0.38314706755019284,0.10131812951145518,0.08347029819206386,1.0,1.0,1.0,0.013824774,0.31740559230550563,0.31359506330440373,0.36899934439009124,0.05624004129326188,0.05349901658513656,0.5310358494064665,0.9451266298219858,reference,free_surface,1,cold,,,,
10111.0,18480.0,3.655424784887746,1818.0,0.805657205024231,10187.0,1.0075165661161112,0.5512445887445887,3.655424784887746,5.253436846063584,1.437161795198834,0.8556095178659942,0.16882603105528632,0.29997032934427853,2.1955296212046287,3.0,0.0,0.0,2312.0,0.22866185342696074,0.09170842643889411,0.11807359307359307,0.0,1.0,0.5700832678471406,0.023667839,0.32636288390398727,0.3238382761640051,0.34979883993200717,0.027454100087504263,0.024698259898010944,0.5056210115399635,0.9351451412194911,reference,free_surface,1,hot,,,,
10111.0,26931.0,5.327069528236574,14.0,0.998714271585402,16834.0,1.6649193947186234,0.6250789053507111,5.327069528236574,2.067983490270166,0.3882028344681157,0.7420223703531431,0.0012857284145979626,0.022351893976856888,2.968252398378004,3.0,0.0,0.0,4762.0,0.4709722084858075,0.11249970469418129,0.08313839070216479,1.0,1.0,1.0,0.012956582000000001,0.31911753864397924,0.31532796110971534,0.36555450024630826,0.0502963323153896,0.04833175036946097,0.5263394601399647,0.9445177596533588,reference,free_surface,5,cold,,,,
10111.0,26764.0,5.29403619819998,9.0,0.9992087825140935,16662.0,1.647908218771635,0.6225526827081154,5.29403619819998,2.2160845003215766,0.4186001790231554,0.7289548343451749,0.0007912174859064385,0.036989417466126,2.944812580358026,3.0,0.0,0.0,4807.0,0.47542280684403126,0.11433532335941773,0.08612315050067254,1.0,1.0,1.0,0.013395243,0.3403367737122157,0.3381056969264631,0.32155752936132603,0.019333984154774275,-0.017663705958013365,0.48066657491950693,0.9237767612350292,reference,free_surface,5,hot,,,,
10111.0,27076.0,5.355751162100683,9.0,0.9992087825140935,16974.0,1.678765700721986,0.6269020534790959,5.355751162100683,2.1012128444193294,0.39232831788158956,0.7197351398112675,0.0007912174859064385,0.021066165562258925,2.9699337355355553,3.0,0.0,0.0,4813.0,0.4760162199584611,0.11231419037173593,0.08247156153050672,1.0,1.0,1.0,0.012727605,0.31721774734118174,0.31609962916256656,0.36668262349625363,0.05067980916984727,0.05002393524437948,0.5268907830752276,0.9448084781390963,reference,free_surface,10,cold,,,,
10111.0,26830.0,5.307091286717436,15.0,0.9985164672139254,16734.0,1.6550291761447928,0.6237048080506895,5.307091286717436,2.2125884239681897,0.4169116950194254,0.7562072770812237,0.0012857284145979626,0.03204430817921076,2.952329146474137,3.0,0.0,0.0,4872.0,0.4818514489170211,0.11531815850723895,0.08673127096533731,1.0,1.0,1.0,0.013159574,0.3442168399529201,0.3424115918944339,0.31337156815265105,0.030969607236181307,-0.0299426477710259,0.4729375495345209,0.9180944207967877,reference,free_surface,10,hot,,,,
10111.0,27374.0,5.414696864800712,14.0,0.9986153693996638,17277.0,1.7087330630006923,0.6311463432454154,5.414696864800712,2.0763698987133434,0.38346927825474203,0.7428493616410089,0.0011868262288596578,0.01621995846108199,2.9755711601226387,3.0,0.0,0.0,5028.0,0.49728018989219663,0.11484259012524269,0.08321765178636663,1.0,1.0,1.0,0.012474953,0.31753184395316225,0.31643858386263757,0.3660295721842006,0.05102586483223159,0.049044358276300715,0.5261803526931483,0.943275249007979,reference,free_surface,20,cold,,,,
10111.0,26838.0,5.3086737216892494,9.0,0.9991098803283552,16736.0,1.6552269805162694,0.6235934123258067,5.3086737216892494,2.2035040366539262,0.415076185159249,0.7559944903659649,0.0006923153001681337,0.029769557907229748,2.9576698645040054,3.0,0.0,0.0,4826.0,0.47730194837305906,0.11420142613743926,0.08726432670094642,1.0,1.0,1.0,0.012900465,0.3452999117068619,0.3447496650533807,0.30995042323976074,0.036705319208060416,-0.03507436514036055,0.4692733987131501,0.9154139913391893,reference,free_surface,20,hot,,,,
10111.0,26545.0,5.250717040846602,27.0,0.9974285431708041,16461.0,1.6280288794382356,0.6201167828216236,5.250717040846602,2.148890545094834,0.4092565888388372,0.7496077507055076,0.002571456829195925,0.025417861734744338,2.960735832261893,3.0,0.0,0.0,4612.0,0.4561368806250618,0.11185215725268595,0.08276511584102468,1.0,1.0,1.0,0.012125473,0.3209611051901148,0.32117884023484244,0.3578600545750421,0.0372347259501597,0.036790081862563495,0.5176383658119983,0.9470413873189061,reference,semi_confined,1,cold,,,,
10111.0,25425.0,5.0291761447928,27.0,0.9974285431708041,15341.0,1.5172584314113342,0.6033824975417896,5.0291761447928,2.2607450338528454,0.4495259201039552,0.7603537406373363,0.002571456829195925,0.04865987538324597,2.919790327366235,3.0,0.0,0.0,3874.0,0.38314706755019284,0.10206286060542193,0.08550639134709931,1.0,1.0,1.0,0.012437086,0.3404458998886413,0.3428990581872036,0.31665504192415433,0.02705983394713951,-0.025017437113768137,0.47616499401844337,0.9260343957384359,reference,semi_confined,1,hot,,,,
10111.0,26910.0,5.322915636435566,12.0,0.9989120759568787,16811.0,1.6626446444466423,0.6247120029728725,5.322915636435566,2.087101221149034,0.3920973698817889,0.7439852482821595,0.001087924043121353,0.01908812184749283,2.9710216595786765,3.0,0.0,0.0,4680.0,0.46286222925526654,0.11065486558271136,0.08231140839836493,1.0,1.0,1.0,0.012099987,0.31852859479544615,0.3169267380882651,0.3645446671162883,0.047663030519270344,0.046817000674432674,0.5242840141541509,0.9506850601773578,reference,semi_confined,5,cold,,,,
10111.0,26653.0,5.272079912966077,16.0,0.9985164672139254,16558.0,1.6376223914548511,0.6212433872359584,5.272079912966077,2.2081404568717558,0.4188366817887353,0.755582475278891,0.0014835327860745723,0.03323113440807042,2.9498565918306796,3.0,0.0,0.0,4725.0,0.46731282761349024,0.11337551088964784,0.08621918733350842,1.0,1.0,1.0,0.01243659,0.3449623941620175,0.34442636856016806,0.31061123727781254,0.034436361620484746,-0.034083144083280226,0.4705699461128269,0.9213807583917891,reference,semi_confined,5,hot,,,,
10111.0,27092.0,5.358916032044308,11.0,0.999010978142617,16992.0,1.6805459400652754,0.6271962202864314,5.358916032044308,2.100533450668698,0.391969838323328,0.7453674695135738,0.000989021857383048,0.020176045890614183,2.970428246464247,3.0,0.0,0.0,4878.0,0.48244486203145087,0.11369657605022104,0.08456370884393917,1.0,1.0,1.0,0.012118532,0.318450262525761,0.31669468184947175,0.3648550556247647,0.04823954163785077,0.04728258343714836,0.5236963358276463,0.9489935649589207,reference,semi_confined,10,cold,,,,
10111.0,26603.0,5.262189694392246,5.0,0.9996043912570468,16497.0,1.6315893581248146,0.6201180318009247,5.262189694392246,2.210853043236688,0.4201393662400134,0.7564255397030624,0.0003956087429532193,0.03243991692216398,2.9543071901889033,3.0,0.0,0.0,4709.0,0.46573039264167737,0.11341157958960855,0.08750892756456038,1.0,1.0,1.0,0.012437117000000001,0.3461032290701477,0.3469882375361696,0.30690853339368235,0.04047454296156844,-0.039637199909476284,0.4663907680224383,0.9176203186799059,reference,semi_confined,10,hot,,,,
10111.0,27322.0,5.4044110374839285,9.0,0.9991098803283552,17220.0,1.703095638413609,0.6302613278676524,5.4044110374839285,2.0693663601748806,0.38290321476700495,0.7424610012262062,0.0006923153001681337,0.017604589061418256,2.9758678666798537,3.0,0.0,0.0,5021.0,0.49658787459202847,0.11516143089778974,0.08301002854842252,1.0,1.0,1.0,0.012108755,0.3171491040739204,0.31732117117937464,0.3655297247467082,0.04946915991571682,0.048294587120060684,0.5237520695106282,0.9490597150122877,reference,semi_confined,20,cold,,,,
10111.0,26637.0,5.268915043022451,4.0,0.9997032934427851,16530.0,1.6348531302541787,0.6205653789841198,5.268915043022451,2.140423301159327,0.4062360625825347,0.7498758121392348,0.00029670655721491444,0.029769557907229748,2.958856690732865,3.0,0.0,0.0,4598.0,0.4547522500247255,0.11076671056435294,0.0854075158613958,1.0,1.0,1.0,0.012437343,0.3483316555769199,0.3489578093904002,0.30271053503267503,0.046556555288073675,-0.04593419745098504,0.46092670923286894,0.9141684226937508,reference,semi_confined,20,hot,,,,
